MezahePratPUF,MishkalPratPUF,KvutzaUchlusiyaPUF,MinPUF,GilPUF,MatzavMishpachtiDeYurePUF,DatIkaritBaYishuvPUF,MakomLeidaPUF,YabeshetLeidaMchlkPUF,YabeshetMotzaMchlkPUF,MakomLeidaAVPUF,ShanaAliyaKnisaPUF,GilAliyaKnisaPUF,OleHadashPUF,OleShnot90PUF,GilNisuimPUF,HaimNolduYeladimPUF,MspLeidaChaiPUF,ShanaKnisaYishuvPUF,MikumKtvtLifney5ShanaPUF,KtvtLifney5ShanaMachozPUF,KtvtLifney5ShanaMetropolinPUF,KoshiLishmoaPUF,KoshiLirotPUF,KoshiLalechetBaBayitPUF,KoshiLizkorPUF,KoshiLehitlabeshPUF,KoshiBtifkudYomyomiPUF,MatzavLimudPUF,MspShnotLimudPUF,MspShnotLimudYeshivaPUF,LimudYsdChativaBenaimPUF,LimudTichonPUF,LimudYeshivaGvohaPUF,LimudAlTichoniPUF,LimudToarAcademiPUF,LimudMosadAcherPUF,TeudatLimudPUF,ShayachutKoahAvdShavuaPUF,AvadShanaSheavraPUF,SmlMishlachYadPUF,SmlAnafKalkaliPUF,AvadShavuaKoveaPUF,MspChdshAvdShanaPUF,MspShaotAvdShavuaPUF,MikumKtvtMakomAvdPUF,KtvtMakomAvdMachozPUF,KtvtMakomAvdMetropolinPUF,MerchakAvdPUF,MaamadAvdPUF,EmtzaeHagaaIkariMakomAvdPUF,ShaaYetziaMakomAvdPUF,HchnsBrutoSachirPUF,HchnsBrutoAtzmaiPUF,HchnsAvdBrutoPUF,HchnsAvgChdshBrSachirPUF,HchnsAvgChdshBrAtzmaiPUF,HchnsBLPUF,HchnsAvgChdshBLPUF,HchnsPratPUF,HchnsAvgChdshPratPUF,DatiyutPUF,TypologiaMBPUF,SmlYishuvPUF,RovaKtvtMegurimPUF,TatRovaKtvtMegurimPUF,MachozPUF,NafaPUF,TzuratYishuvPUF,MaamadMunicipaliPUf
1,3.874000073,1,2,2,10,1,1,9,9,1,,,2,2,,2,0,,1,2,12,1,1,1,1,1,1,2,4,0,1,1,2,2,2,2,3,4,2,,,4,,,,,,,,,,,,,,,,,,,2,5,1200,3,31,4,43,150,0
2,3.88199997,1,2,3,20,1,1,9,9,1,,,2,2,1,1,2,7,1,3,12,1,1,1,1,1,1,2,4,0,1,1,2,2,2,2,2,1,1,4,P,1,5,,1,1,11,,1,,,5,,7,4,,,,8,7,5,3,2610,4,41,1,11,140,0
3,8.789999962,1,1,7,20,1,2,1,1,2,6,1,2,2,1,,,2,1,1,11,1,1,2,2,2,1,2,5,0,1,1,2,1,1,2,4,4,2,,,4,,,,,,,,,,,,,,,14,12,15,14,2,2,1015,,,1,11,160,99
4,3.707000017,2,1,4,20,2,1,9,,1,,,,,2,,,5,1,1,21,1,1,1,2,2,2,2,2,0,1,2,2,2,2,2,1,1,1,7,C,1,5,9,2,3,26,4,1,5,2,10,,13,9,,19,18,16,15,2,3,628,,,3,32,270,99
5,9.170999527,2,2,4,20,4,1,9,,1,,,,,1,1,3,5,1,1,11,1,1,1,1,1,1,2,2,0,1,2,2,2,2,2,1,4,2,,,4,,,,,,,,,,,,,,,,,,,3,3,3000,27,271,1,11,120,0
6,8.505000114,2,2,3,20,4,1,9,,1,,,,,1,1,2,6,1,1,11,1,1,1,1,1,1,2,4,0,1,1,2,2,2,2,2,1,1,5,Q,1,5,6,2,2,12,,1,11,,2,,4,1,,,,3,2,3,3,3000,26,261,1,11,120,0
7,2.381000042,1,1,1,10,1,1,9,9,1,,,2,2,,,,,,,,1,1,1,1,1,1,,,,,,,,,,,,,,,,,,,,,,,,,,,,,,,,,,5,3,3797,,4,7,70,150,0
8,5.002999783,1,1,4,20,1,1,9,1,2,,,2,2,2,,,,1,8,22,1,1,1,1,1,1,2,4,0,1,1,2,2,2,2,3,1,1,2,G,1,5,9,2,6,23,5,1,1,3,20,,20,19,,3,3,20,20,1,3,7800,,4,3,32,160,99
9,0.713,1,2,3,20,1,1,9,2,2,,,2,2,1,1,3,11,1,1,11,1,1,1,1,1,1,2,5,1,1,1,1,2,1,2,5,4,1,5,Q,4,3,2,2,2,12,1,1,11,,,,,,,9,17,3,6,3,3,9999,,,4,42,300,25
10,5.552999973,2,1,3,20,2,1,9,,1,,,,,2,,,6,1,1,21,1,1,1,1,1,1,2,4,0,1,1,2,2,2,2,3,1,1,3,O,1,5,9,2,2,22,,1,1,3,7,,9,6,,2,2,10,9,1,3,637,,,3,32,260,99
11,4.264999867,1,2,4,20,1,1,9,3,2,,,2,2,2,1,2,12,1,1,11,1,1,1,1,1,1,2,6,0,1,1,2,2,1,2,5,1,1,2,Q,1,5,6,1,1,11,,2,,,,15,15,,15,,,16,16,1,3,182,,,4,41,170,99
12,7.5,1,2,7,20,1,2,3,3,2,4,1,2,2,1,1,2,6,1,1,11,2,1,1,1,1,1,2,5,0,1,1,2,1,2,1,4,1,1,2,Q,1,5,,2,2,12,1,1,3,,12,,13,11,,,,14,13,1,5,6600,5,52,5,51,140,0
13,2.674999952,1,1,3,20,3,1,9,4,2,,,2,2,1,,,10,1,1,11,1,1,1,1,1,1,2,4,2,1,1,1,2,2,2,2,1,1,3,L,1,5,,3,8,17,,2,1,,,9,10,,9,9,7,12,12,5,3,4000,7,72,3,31,130,0
14,3.734999895,1,2,5,30,1,1,9,9,1,,,2,2,2,1,1,,1,2,12,1,2,1,1,1,1,1,6,0,1,1,2,2,1,2,6,2,2,,,4,,,,,,,,,,,,3,,,17,15,8,10,3,4,3650,,,7,70,170,99
15,5.552999973,3,2,6,20,1,2,1,1,2,3,2,2,1,1,1,2,,1,6,25,1,1,1,1,1,1,1,5,0,1,1,2,2,1,2,5,1,1,8,C,1,5,10,2,5,26,3,1,5,2,9,,10,8,,,,11,10,1,3,7700,,3,2,23,150,0
16,7.320000172,2,1,1,10,4,1,9,,1,,,,,,,,,,,,1,1,1,1,1,1,,,,,,,,,,,,,,,,,,,,,,,,,,,,,,,,,,3,5,3000,28,281,1,11,120,0
17,7.065000057,1,2,5,20,1,1,9,9,1,,,2,2,2,1,1,9,1,1,11,1,1,1,1,1,1,2,4,0,1,1,2,2,2,2,2,1,1,5,P,1,5,6,2,2,12,1,1,11,,5,,7,5,,7,17,9,12,3,2,240,,,2,23,160,0
18,2.618000031,1,2,4,20,1,1,9,9,1,,,2,2,1,1,3,9,1,1,21,1,1,1,1,1,1,2,5,1,1,1,1,1,2,2,4,1,1,2,P,1,5,7,2,5,26,4,1,3,,17,,18,17,,,,18,18,5,3,9300,,,3,32,160,99
19,4.315000057,3,1,1,10,1,1,9,3,2,,,2,2,,,,,,,,1,1,1,1,1,1,,,,,,,,,,,,,,,,,,,,,,,,,,,,,,,,,,1,3,7400,1,14,4,41,130,0
20,6.769999981,1,2,3,10,3,1,9,9,1,,,2,2,,2,0,,1,2,12,1,1,1,1,1,1,2,5,0,1,1,2,2,1,2,5,1,1,2,J,1,5,10,2,2,12,1,1,9,4,18,,18,17,,,,18,18,1,1,5000,13,132,5,51,130,0
21,3.734999895,1,2,1,10,1,1,9,9,1,,,2,2,,,,,,,,,,,,,2,,,,,,,,,,,,,,,,,,,,,,,,,,,,,,1,4,1,1,1,3,7900,2,21,4,42,130,0
22,2.938999891,1,2,4,20,1,1,9,9,1,,,2,2,1,1,1,11,1,1,11,1,1,1,1,1,1,2,4,0,1,1,2,2,2,2,3,1,1,3,Q,1,5,10,1,1,11,,1,,,9,,11,8,,,,12,10,1,3,9700,,4,4,42,150,0
23,4.173999786,1,1,4,20,1,1,9,2,2,,,2,2,2,,,5,1,2,12,1,1,1,1,1,1,2,4,0,1,1,2,2,2,2,2,1,1,5,G,1,5,,2,2,12,1,2,1,4,,14,12,,14,3,3,13,12,1,3,8300,5,52,4,44,130,0
24,4.059999943,2,1,1,10,2,1,9,,1,,,,,,,,,,,,,,,,,,,,,,,,,,,,,,,,,,,,,,,,,,,,,,,,,,,2,3,2710,,3,3,32,250,0
25,2.503999949,1,2,1,10,1,1,9,9,1,,,2,2,,,,,,,,1,1,1,1,1,1,,,,,,,,,,,,,,,,,,,,,,,,,,,,,,,,,,5,3,7700,,1,2,23,150,0
26,3.214999914,1,2,2,10,1,1,9,9,1,,,2,2,,2,0,8,1,1,11,1,1,1,1,1,1,1,4,1,1,1,1,2,2,2,3,4,1,3,I,4,2,,2,5,13,2,1,2,,4,,5,4,,,,6,7,3,3,9999,,,7,70,185,76
27,4.224999905,1,1,3,10,1,1,9,9,1,,,2,2,,,,7,1,1,11,1,1,2,1,2,2,2,4,0,1,1,2,2,2,2,2,1,1,3,H,1,5,10,2,3,14,2,1,1,2,12,,13,12,,,,14,13,2,3,9600,,3,3,31,160,0
28,2.04399991,1,2,4,20,1,1,9,4,2,,,2,2,2,1,1,5,1,1,21,1,1,1,1,1,1,1,5,0,1,1,2,2,1,2,5,4,2,,,4,,,,,,,,,,,,,,,10,19,3,9,1,3,9999,,,2,21,300,2
29,2.094000101,1,2,2,10,1,1,9,9,1,,,2,2,,2,0,10,1,1,11,,,,,,2,1,4,0,1,2,2,2,2,1,1,4,2,,,4,,,,,,,,,,,,1,,,,,1,2,3,3,9999,,,4,41,300,18
30,2.272000074,1,2,2,10,3,1,9,9,1,,,2,2,,2,0,8,1,1,11,1,1,1,1,1,1,1,4,0,1,1,2,2,2,1,2,4,2,,,4,,,,,,,,,,,,4,,,,,4,4,5,3,3000,25,251,1,11,120,0
31,1.353999972,1,2,1,10,1,1,9,9,1,,,2,2,,,,,,,,1,1,1,1,1,1,,,,,,,,,,,,,,,,,,,,,,,,,,,,,,,,,,5,3,3780,,3,7,70,150,0
32,3.260999918,1,1,1,10,1,1,9,9,1,,,2,2,,,,,,,,1,1,1,1,1,1,,,,,,,,,,,,,,,,,,,,,,,,,,,,,,1,8,1,2,2,3,8400,4,43,4,44,140,0
33,2.243999958,1,2,2,10,1,1,9,9,1,,,2,2,,2,0,9,1,1,11,,,,,,2,1,4,0,1,1,2,2,2,2,2,1,1,2,P,1,5,,3,8,17,,1,3,,3,,4,2,,,,4,3,5,3,9999,,,6,62,185,42
34,2.729000092,1,2,5,20,1,1,9,1,2,,,2,2,,1,3,10,1,1,11,1,1,1,1,1,1,2,4,0,1,1,2,2,2,2,2,1,1,9,G,1,5,,2,7,14,2,1,1,,5,,6,3,,,,7,6,5,3,565,,,5,51,170,99
35,3.295000076,1,1,1,10,1,1,9,9,1,,,2,2,,,,,,,,,,,,,,,,,,,,,,,,,,,,,,,,,,,,,,,,,,,,,,,5,3,6800,,4,3,31,150,0
36,1.817999959,1,2,4,10,1,1,9,9,1,,,2,2,,1,2,12,1,1,11,1,1,1,1,1,1,2,6,0,1,1,2,2,1,2,5,1,1,1,G,1,5,9,2,7,14,4,1,1,3,19,,19,19,,,,19,19,1,3,9999,,,4,44,300,30
37,1.88199997,1,2,5,20,1,1,9,9,1,,,2,2,1,1,2,9,1,1,11,1,1,1,1,1,1,2,6,0,1,1,2,2,1,2,6,1,1,2,O,1,5,9,2,6,16,4,1,1,2,19,,19,18,,,,19,19,2,3,9999,,,2,24,300,56
38,5.986999989,2,2,3,20,3,1,9,,1,,,,,1,1,1,12,1,1,11,1,1,1,1,1,1,2,5,0,1,1,2,2,2,2,2,1,1,3,S,1,5,,2,3,13,2,1,1,3,8,,9,7,,,,10,9,2,5,8500,,4,4,43,150,0
39,4.717000008,2,2,2,10,2,1,9,,1,,,,,,2,0,8,1,1,11,1,1,1,1,1,1,1,5,0,1,1,2,2,1,2,5,1,1,5,G,1,1,,2,7,14,3,1,3,,5,,7,4,,,,8,6,2,3,8800,,2,2,24,260,0
40,1.833999991,1,2,4,20,1,1,9,9,1,,,2,2,1,1,3,9,1,1,11,1,1,2,1,1,1,2,5,1,1,1,1,1,2,2,4,1,1,2,P,1,5,4,2,2,12,1,1,11,3,4,,6,3,,,,7,5,5,3,2610,3,31,1,11,140,0
41,4.873000145,2,2,3,20,2,1,9,,1,,,,,1,2,0,7,1,1,21,,,,,,2,1,5,0,1,1,2,2,1,2,5,1,1,2,Q,1,5,8,2,7,23,5,1,1,,16,,17,16,,,,17,17,1,3,2710,,4,3,32,250,0
42,4.375999928,2,1,1,10,2,1,9,,1,,,,,,,,,,,,1,1,1,1,1,1,,,,,,,,,,,,,,,,,,,,,,,,,,,,,,,,,,6,3,4502,,,2,29,285,99
43,2.928999901,1,2,1,10,1,1,9,9,1,,,2,2,,,,,,,,1,1,1,1,1,1,,,,,,,,,,,,,,,,,,,,,,,,,,,,,,,,,,5,3,70,6,61,6,61,130,0
44,5.026000023,2,1,2,10,2,1,9,,1,,,,,,,,,,,26,,,,,,2,1,4,0,1,2,2,2,2,2,1,1,1,,,,,,,,28,,,,,,,2,,,,,2,6,2,3,637,,,3,32,260,99
45,3.572000027,1,2,4,20,1,1,9,9,1,,,2,2,1,1,2,12,1,1,11,1,1,1,1,1,1,2,5,0,1,1,2,2,1,2,5,1,1,5,O,1,5,10,2,6,13,5,1,1,3,18,,18,18,,,,19,18,1,3,166,,,4,44,160,99
46,6.045000076,3,2,4,20,1,2,4,4,2,1,2,2,1,2,1,1,,1,8,13,1,1,1,1,1,1,2,6,0,1,1,2,2,1,2,6,1,1,2,C,1,5,9,2,7,14,3,1,1,3,16,,16,15,,,,17,16,1,3,8700,,3,4,42,150,0
47,2.933000088,1,1,1,10,1,1,9,9,1,,,2,2,,,,,,,,2,2,2,2,2,2,,,,,,,,,,,,,,,,,,,,,,,,,,,,,,,,,,3,3,7900,5,51,4,42,130,0
48,3.717000008,1,2,1,10,1,1,9,9,1,,,2,2,,,,,,,,1,1,1,1,1,1,,,,,,,,,,,,,,,,,,,,,,,,,,,,,,,,,,1,4,6200,1,12,5,51,140,0
49,5.589000225,1,1,2,10,3,1,9,9,1,,,2,2,,,,9,1,1,11,1,1,1,1,1,1,1,4,1,1,1,1,2,2,2,3,4,2,,,4,,,,,,,,,,,,1,,,,,1,1,3,3,5000,9,91,5,51,130,0
50,4.296000004,2,2,1,10,2,1,9,,1,,,,,,,,,,,,1,1,1,1,1,1,,,,,,,,,,,,,,,,,,,,,,,,,,,,,,7,14,2,5,2,3,9999,,,2,23,285,65
51,3.486999989,1,2,1,10,1,1,9,9,1,,,2,2,,,,,,,,,,,,,,,,,,,,,,,,,,,,,,,,,,,,,,,,,,,15,13,5,4,1,3,8400,4,41,4,44,140,0
52,3.41899991,1,2,1,10,1,1,9,9,1,,,2,2,,,,,,,,1,1,1,1,1,1,,,,,,,,,,,,,,,,,,,,,,,,,,,,,,,,,,1,3,8300,6,61,4,44,130,0
53,1.562000036,1,1,1,10,1,1,9,9,1,,,2,2,,,,,,,,1,1,1,1,1,1,,,,,,,,,,,,,,,,,,,,,,,,,,,,,,,,1,1,1,3,9999,,,2,21,300,1
54,2.980000019,1,2,1,10,1,1,9,3,2,,,2,2,,,,,,,,1,1,1,1,1,1,,,,,,,,,,,,,,,,,,,,,,,,,,,,,,,,2,1,1,3,28,,,4,44,170,99
55,1.700999975,1,2,4,20,1,2,1,1,2,4,1,2,2,,1,3,12,1,1,21,,,,,,2,1,6,0,1,1,2,2,1,2,6,1,1,2,M,1,5,9,2,3,23,2,1,1,,7,,8,9,,16,20,13,16,,3,9999,,,2,23,300,9
56,3.342999935,1,1,1,10,1,1,9,9,1,,,2,2,,,,,,,,,,,,,,,,,,,,,,,,,,,,,,,,,,,,,,,,,,,,,,,5,3,6700,,3,2,22,160,0
57,2.913000107,1,2,1,10,1,1,9,9,1,,,2,2,,,,,,,,1,1,1,1,1,1,,,,,,,,,,,,,,,,,,,,,,,,,,,,,,,,,,5,3,6100,7,71,5,51,130,0
58,13.64999962,1,1,5,30,1,1,9,2,2,,,2,2,2,,,,1,2,25,2,1,1,,1,2,2,3,0,1,2,2,2,2,2,1,1,1,7,C,1,5,10,2,2,22,1,1,11,2,11,,12,10,,1,3,13,12,3,1,7700,,1,2,23,150,0
59,3.815000057,1,1,2,10,1,1,9,9,1,,,2,2,,,,10,1,1,11,1,1,1,1,1,1,2,4,0,1,1,2,2,2,2,3,1,1,,O,1,5,10,,,18,,,,,,,,,,,,,,1,3,154,,,4,41,170,99
60,7.603000164,1,1,1,10,1,1,9,3,2,,,2,2,,,,,,,,,,,,,,,,,,,,,,,,,,,,,,,,,,,,,,,,,,,,,,,1,3,7100,2,21,6,61,140,0
61,3.069000006,2,2,2,10,2,1,9,,2,,,,,,2,0,9,1,1,11,1,1,1,1,1,1,1,5,0,1,1,2,2,2,1,3,1,1,5,T,1,,,2,6,16,4,1,3,,6,,8,6,,,,9,9,3,3,1161,,3,6,62,250,0
62,4.156000137,1,2,5,20,1,1,9,1,2,,,2,2,2,1,2,,1,1,11,1,1,1,1,1,1,2,5,0,1,1,2,2,1,2,5,1,1,,P,1,4,10,2,3,14,3,1,1,,10,,11,10,,10,19,13,16,1,3,2650,,1,5,51,160,0
63,2.809999943,1,2,1,10,1,1,9,2,2,,,2,2,,,,,,,,1,1,1,1,1,1,,,,,,,,,,,,,,,,,,,,,,,,,,,,,,,,,,3,3,2400,,3,5,51,160,0
64,2.815999985,1,1,1,10,1,1,9,9,1,,,2,2,,,,,,,,,,,,,2,,,,,,,,,,,,,,,,,,,,,,,,,,,,,,,,,,3,3,7900,5,52,4,42,130,0
65,12.57800007,1,2,6,30,3,1,9,2,2,,,2,2,1,1,1,7,1,1,11,1,1,1,1,1,1,2,4,0,1,2,2,2,2,2,1,1,1,5,Q,1,5,9,3,8,17,,1,10,4,5,,7,4,,,,8,6,1,4,4000,1,12,3,31,130,0
66,2.440000057,1,2,1,10,1,1,9,9,1,,,2,2,,,,,,,,,,,,,,,,,,,,,,,,,,,,,,,,,,,,,,,,,,,,,,,3,3,9999,,,7,70,300,72
67,6.172999859,1,1,7,40,1,1,9,9,1,,,2,2,1,,,2,1,1,21,2,2,2,2,1,2,3,0,0,2,2,2,2,2,2,8,4,2,,,4,,,,,,,,,,,,,,,16,14,18,17,1,4,2600,,1,6,62,150,0
68,4.527999878,1,2,1,10,1,1,9,9,1,,,2,2,,,,,,,,1,1,1,1,1,1,,,,,,,,,,,,,,,,,,,,,,,,,,,,,,,,,,6,3,2550,,,4,44,160,99
69,3.530999899,2,2,6,20,3,1,9,,1,,,,,1,1,3,9,1,1,11,1,1,2,1,1,2,2,2,0,1,2,2,2,2,2,1,4,2,,,4,,,,,,,,,,,,,,,9,7,3,2,6,4,7600,,1,2,24,160,0
70,2.075999975,1,1,4,20,3,1,9,1,2,,,2,2,2,,,6,1,3,12,1,1,1,2,1,1,2,6,0,1,1,2,2,1,2,5,1,1,2,Q,1,5,,3,8,17,,1,1,3,17,,18,17,,5,4,18,18,3,3,8500,,4,4,43,150,0
71,16.4810009,1,2,1,10,1,1,9,9,1,,,2,2,,,,,,,,,,,,,2,,,,,,,,,,,,,,,,,,,,,,,,,,,,,,,,,,5,4,9999,,,7,70,185,73
72,11.22599983,1,1,7,20,3,1,9,9,1,,,2,2,2,,,1,1,1,11,1,1,1,1,1,1,2,5,0,1,1,2,1,2,2,4,4,2,,,4,,,,,,,,,,,,,,,14,12,5,4,5,2,3000,9,91,1,11,120,0
73,4.264999867,1,2,5,20,3,1,9,3,2,,,2,2,2,1,2,12,1,8,13,1,1,1,1,1,1,2,6,0,1,1,2,2,1,2,5,1,1,2,M,1,5,,1,1,11,,2,,,,13,13,,13,,,14,13,1,3,5000,12,122,5,51,130,0
74,2.403000116,1,1,4,20,1,1,9,3,2,,,2,2,1,,,12,1,1,11,1,1,1,1,1,1,2,6,5,1,1,1,2,2,2,2,1,1,2,M,1,5,10,2,5,14,5,1,1,,20,,20,20,,2,2,20,20,5,3,2610,4,42,1,11,140,0
75,1.708999991,1,2,1,10,1,1,9,9,1,,,2,2,,,,,,,,,,,,,,,,,,,,,,,,,,,,,,,,,,,,,,,,,,,,,,,1,3,9999,,,2,24,300,52
76,8.487000465,2,1,2,10,4,1,9,,2,,,,,,,,9,1,1,11,1,1,1,1,1,1,1,4,0,1,2,2,2,2,2,1,4,2,,,4,,,,,,,,,,,,,,,,,,,2,3,3000,27,271,1,11,120,0
77,3.59800005,1,1,5,10,1,1,9,9,1,,,2,2,,,,10,1,1,21,1,1,1,1,1,1,2,5,0,1,1,2,2,2,2,3,1,1,2,P,1,3,5,1,1,21,,1,,,2,,4,2,,7,6,5,6,1,2,9999,,,2,29,300,71
78,3.854000092,1,1,3,20,1,1,9,9,1,,,2,2,2,,,,1,2,12,1,1,1,1,1,1,1,5,0,1,1,2,2,2,2,3,1,1,5,M,1,5,,2,,18,,1,5,,,,,,,,,,,2,5,9000,3,32,6,62,130,0
79,3.704999924,1,2,3,20,1,1,9,1,2,,,2,2,2,1,1,6,1,1,11,1,1,1,1,1,1,2,5,0,1,1,2,2,1,2,5,1,1,2,J,1,5,,2,7,14,4,1,3,,8,,9,8,,11,8,12,12,1,3,7400,4,41,4,41,130,0
80,2.687999964,1,2,1,10,1,1,9,9,1,,,2,2,,,,,,,,,,,,,,,,,,,,,,,,,,,,,,,,,,,,,,,,,,,,,,,5,3,6100,1,11,5,51,130,0
81,2.470999956,1,1,2,10,1,1,9,9,1,,,2,2,,,,9,1,1,11,1,1,1,1,1,1,2,4,0,1,1,2,2,2,2,3,1,1,7,F,1,2,10,3,8,17,,1,2,2,2,,4,5,,,,3,8,2,3,9999,,,7,70,185,73
82,7.743999958,1,1,7,20,3,2,3,3,2,6,1,2,2,2,,,5,1,1,11,1,1,1,1,1,1,2,4,0,1,1,2,2,2,2,2,4,2,,,4,,,,,,,,,,,,,,,12,10,4,3,1,2,8500,,3,4,43,150,0
83,3.114000082,1,2,1,10,1,1,9,3,2,,,2,2,,,,,,,,,,,,,,,,,,,,,,,,,,,,,,,,,,,,,,,,,,,,,,,5,3,6500,1,13,3,32,140,0
84,3.644999981,1,1,5,20,1,1,9,2,2,,,2,2,2,,,4,1,1,11,,,,,,2,2,5,0,1,1,2,2,1,2,5,1,1,2,O,1,5,9,2,3,13,1,1,9,3,19,,19,18,,20,19,19,19,2,3,6300,,3,5,51,150,0
85,1.720000029,1,1,1,10,1,1,9,9,1,,,2,2,,,,,,,,,,,,,,,,,,,,,,,,,,,,,,,,,,,,,,,,,,,,,,,3,3,9999,,,4,43,300,40
86,4.710999966,1,1,2,10,1,1,9,9,1,,,2,2,,,,,1,2,12,1,1,1,1,1,1,2,4,0,1,1,2,2,2,2,3,1,1,3,J,1,4,10,2,7,14,4,1,1,,14,,15,15,,,,16,16,1,3,8400,1,12,4,44,140,0
87,6.809999943,2,1,5,20,3,1,9,,1,,,,,1,,,4,1,1,21,,,,,,2,2,2,0,1,2,2,2,2,2,1,1,1,7,F,1,5,7,2,7,23,6,2,1,2,,18,17,,18,2,2,18,17,2,3,1061,,4,2,23,160,0
88,10.98700047,2,2,7,20,2,1,9,,1,,,,,1,1,3,5,1,1,21,1,1,1,1,1,1,2,1,0,1,2,2,2,2,2,8,4,2,,,4,,,,,,,,,,,,,,,5,4,1,1,1,3,4201,,,2,29,270,99
89,3.250999928,1,2,4,20,3,1,9,2,2,,,2,2,1,1,3,,1,4,13,1,1,1,1,1,1,2,5,0,1,1,2,2,2,2,3,1,1,3,C,1,5,,2,7,14,4,1,5,,15,,15,14,,,,16,15,3,3,4000,1,11,3,31,130,0
90,1.998000026,1,1,1,10,1,1,9,9,1,,,2,2,,,,,,,,1,1,1,1,1,1,,,,,,,,,,,,,,,,,,,,,,,,,,,,,,,,,,3,3,9999,,,7,70,185,72
91,3.653000116,1,2,1,10,1,1,9,9,1,,,2,2,,,,,,,,1,1,1,1,1,1,,,,,,,,,,,,,,,,,,,,,,,,,,,,,,,,,,1,3,6300,,2,5,51,150,0
92,5.039999962,1,1,5,20,3,1,9,9,1,,,2,2,2,,,,1,2,12,1,1,1,1,1,1,1,6,0,1,1,2,2,1,2,6,1,1,2,Q,1,5,10,2,2,12,1,2,11,,,17,15,,17,3,3,16,15,1,3,5000,14,142,5,51,130,0
93,2.000999928,1,1,1,10,1,2,3,3,2,1,1,1,1,,,,,,,,,,,,,2,,,,,,,,,,,,,,,,,,,,,,,,,,,,,,,,,,3,3,2610,4,43,1,11,140,0
94,2.464999914,1,1,1,10,1,2,4,4,1,2,1,2,1,,,,,,,,1,1,1,1,1,1,,,,,,,,,,,,,,,,,,,,,,,,,,,,,,,,,,3,3,2610,4,43,1,11,140,0
95,2.681999922,3,1,1,10,1,1,9,3,2,,,2,2,,,,,,,,,,,,,,,,,,,,,,,,,,,,,,,,,,,,,,,,,,,,,,,1,3,9999,,,2,23,300,13
96,3.421000004,1,2,1,10,1,1,9,9,1,,,2,2,,,,,,,,1,1,1,1,1,1,,,,,,,,,,,,,,,,,,,,,,,,,,,,,,,,,,5,3,6100,6,61,5,51,130,0
97,1.998000026,1,2,5,20,1,1,9,3,2,,,2,2,1,1,2,11,1,1,11,1,1,1,1,1,1,2,6,0,1,1,2,2,1,2,6,1,1,2,P,1,5,8,2,2,12,1,1,1,3,18,,18,17,,10,8,19,18,2,3,1268,,,6,62,170,99
98,2.795000076,1,2,1,10,1,1,9,9,1,,,2,2,,,,,,,,1,1,1,1,1,1,,,,,,,,,,,,,,,,,,,,,,,,,,,,,,,,,,1,3,8600,2,21,5,51,140,0
99,1.302000046,1,2,1,10,1,1,9,9,1,,,2,2,,,,,,,,,,,,,,,,,,,,,,,,,,,,,,,,,,,,,,,,,,,,,,,1,3,9999,,,6,61,300,36
100,5.122000217,1,1,3,20,3,2,4,4,1,3,1,2,1,1,,,,1,3,12,1,1,1,1,1,1,2,5,1,1,1,1,2,1,2,5,1,1,2,G,1,5,10,2,2,12,2,1,1,,10,,11,9,,1,2,12,11,3,3,3000,2,22,1,11,120,0
101,4.912000179,1,2,5,10,1,1,9,9,1,,,2,2,,1,2,,1,2,12,1,1,1,1,1,1,2,3,0,1,2,2,2,2,2,1,1,1,3,O,1,5,10,2,2,12,1,1,3,2,11,,12,10,,,,13,12,1,3,6300,,3,5,51,150,0
102,6.532999992,1,1,4,20,1,1,9,9,1,,,2,2,2,,,,1,8,13,1,1,1,1,1,1,2,4,2,1,1,1,2,2,2,2,1,1,5,Q,1,,7,1,1,11,,1,,,2,,3,1,,19,17,9,8,3,3,7900,1,11,4,42,130,0
103,7.646999836,1,1,6,20,1,2,1,1,2,4,1,2,2,1,,,5,1,1,11,1,1,2,2,1,1,2,4,0,1,1,2,2,2,2,3,1,1,8,G,1,5,10,3,8,17,,1,1,1,16,,16,16,,,,17,16,2,3,6600,7,72,5,51,140,0
104,5.339000225,2,1,1,10,2,1,9,,1,,,,,,,,,,,,1,1,2,1,1,1,,,,,,,,,,,,,,,,,,,,,,,,,,,,,,15,13,5,4,3,3,1054,,,6,62,260,99
105,4.967999935,2,2,1,10,2,1,9,,1,,,,,,,,,,,,1,1,1,1,1,1,,,,,,,,,,,,,,,,,,,,,,,,,,,,,,,,,,2,3,510,,,2,24,260,99
106,3.894000053,1,1,3,20,1,1,9,3,2,,,2,2,1,,,,1,2,12,,,,,,2,1,4,2,1,1,1,2,2,2,2,1,1,3,K,1,2,,3,8,17,,2,1,,,,2,,,5,4,2,2,5,3,3780,,2,7,70,150,0
107,7.467999935,2,2,5,20,4,1,9,,1,,,,,2,1,2,4,1,1,11,1,1,1,1,1,1,2,6,0,1,1,2,2,1,2,6,2,2,,,4,,,,,,,,,,,,,,,19,17,7,6,2,4,7000,,4,4,43,150,0
108,3.569999933,1,2,1,10,1,1,9,9,1,,,2,2,,,,,,,,,,,,,,,,,,,,,,,,,,,,,,,,,,,,,,,,,,,,,,,5,3,2610,3,31,1,11,140,0
109,2.480999947,1,1,1,10,1,1,9,9,1,,,2,2,,,,,,,,,,,,,,,,,,,,,,,,,,,,,,,,,,,,,,,,,,,,,,,5,5,7400,2,22,4,41,130,0
110,8.937999725,2,2,1,10,2,1,9,,1,,,,,,,,,,,,1,1,1,1,1,1,,,,,,,,,,,,,,,,,,,,,,,,,,,,,,,,,,2,3,8900,,,2,24,260,0
111,2.201999903,1,2,4,20,1,1,9,9,1,,,2,2,2,1,2,10,1,1,11,1,1,1,1,1,1,1,6,0,1,1,2,2,1,2,6,4,1,2,O,4,3,9,2,3,14,3,1,1,3,9,,11,16,,,,19,20,1,3,9999,,,1,11,300,26
112,3.882999897,1,2,2,10,1,1,9,9,1,,,2,2,,2,0,11,1,1,11,1,1,1,1,1,1,2,4,0,1,1,2,2,2,2,2,4,2,,,4,,,,,,,,,,,,,,,19,17,7,6,6,3,2640,,2,4,42,150,0
113,2.09800005,1,2,1,10,1,1,9,9,1,,,2,2,,,,,,,,1,1,1,1,1,1,,,,,,,,,,,,,,,,,,,,,,,,,,,,,,,,,,2,3,9999,,,4,43,300,25
114,4.681000233,1,2,3,10,1,1,9,9,1,,,2,2,,2,0,11,1,1,21,1,1,1,1,1,1,1,4,0,1,1,2,2,2,2,2,1,1,4,I,4,,,2,2,22,1,1,1,,5,,7,8,,7,17,9,14,6,4,6500,2,22,3,32,140,0
115,4.625,3,1,1,10,1,1,9,3,2,,,2,2,,,,,,,,,,,,,,,,,,,,,,,,,,,,,,,,,,,,,,,,,,,,,,,7,3,7900,3,31,4,42,130,0
116,3.289999962,1,2,1,10,1,1,9,9,1,,,2,2,,,,,,,,1,1,1,1,1,1,,,,,,,,,,,,,,,,,,,,,,,,,,,,,,,,,,5,3,6100,1,11,5,51,130,0
117,4.423999786,1,2,2,10,1,1,9,9,1,,,2,2,,2,0,8,1,1,11,1,1,1,1,1,1,1,5,0,1,1,2,2,2,2,3,1,1,5,I,1,3,,2,2,12,1,1,1,,4,,5,3,,,,6,5,1,4,8700,,1,4,42,150,0
118,0.953000009,1,1,4,10,1,1,9,3,2,,,2,2,,,,12,1,8,14,1,1,1,1,1,1,2,6,0,1,1,2,2,1,2,5,1,1,2,Q,1,5,9,2,3,13,2,1,1,3,14,,14,13,,1,1,15,14,1,3,9999,,,4,41,300,16
119,8.626000404,1,1,7,40,3,2,3,3,2,6,1,2,2,,,,1,1,1,11,1,1,1,2,2,1,2,6,0,1,1,2,2,1,2,5,4,2,,,4,,,,,,,,,,,,,,,17,15,12,11,,1,5000,1,11,5,51,130,0
120,4.782999992,1,1,6,20,1,1,9,9,1,,,2,2,1,,,7,1,1,11,1,1,1,1,1,1,2,5,0,1,1,2,1,2,2,4,4,2,,,4,,,,,,,,,,,,,,,5,4,1,1,3,3,3574,,,7,70,185,99
121,6.00699997,2,2,1,10,2,1,9,,1,,,,,,,,,,,,,,,,,,,,,,,,,,,,,,,,,,,,,,,,,,,,,,,,,,,2,3,482,,,2,23,270,99
122,2.494999886,1,1,1,10,1,1,9,9,1,,,2,2,,,,,,,,1,1,1,1,1,1,,,,,,,,,,,,,,,,,,,,,,,,,,,,,,,,,,5,3,3797,,1,7,70,150,0
123,6.715000153,1,1,6,20,1,1,9,2,2,,,2,2,2,,,7,1,1,11,1,1,1,1,1,1,2,6,0,1,1,2,2,1,2,5,4,2,,,4,,,,,,,,,,,,,,,,,,,1,3,2500,,,3,31,160,0
124,5.377999783,1,1,6,20,1,1,9,1,2,,,2,2,1,,,9,1,1,11,2,2,1,1,1,1,2,4,0,1,2,2,2,2,2,1,1,1,5,G,1,5,10,2,2,12,1,2,1,2,,18,17,,18,20,19,19,19,1,3,681,,,4,42,160,0
125,4.177000046,1,1,3,20,1,1,9,9,1,,,2,2,1,,,11,1,1,11,1,1,1,1,1,1,1,5,1,1,1,1,2,2,2,2,1,1,5,O,1,5,,2,6,14,4,1,1,3,13,,14,13,,7,5,15,15,5,3,1309,,3,4,42,160,0
126,2.921999931,1,2,1,10,1,1,9,9,1,,,2,2,,,,,,,,1,1,1,1,1,1,,,,,,,,,,,,,,,,,,,,,,,,,,,,,,,,,,3,3,28,,,4,44,170,99
127,6.232999802,2,1,4,20,2,1,9,,1,,,,,2,,,5,1,1,11,1,1,1,1,1,1,2,4,0,1,2,2,2,2,2,1,1,1,7,F,1,5,9,3,8,17,,1,5,2,9,,10,8,,7,6,12,11,2,5,2730,,,4,41,260,0
128,6.691999912,2,2,2,20,2,1,9,,1,,,,,1,1,1,12,1,4,25,1,1,1,1,1,1,2,4,0,1,1,2,2,2,2,3,1,1,4,G,1,3,7,2,2,22,1,1,1,3,4,,5,3,,,,6,5,3,3,7500,,,2,24,260,0
129,1.008000016,1,1,1,10,1,1,9,9,1,,,2,2,,,,,,,,1,1,1,1,1,1,,,,,,,,,,,,,,,,,,,,,,,,,,,,,,,,,,5,3,9999,,,6,62,300,42
130,3.892999888,1,1,7,20,1,1,9,2,2,,,2,2,1,,,5,1,1,11,2,1,1,1,1,1,2,6,0,1,1,2,2,1,2,7,1,1,1,C,1,5,10,2,7,15,7,1,1,,,,,,,,,,,1,2,9999,,,2,24,300,4
131,3.107000113,1,2,1,10,1,1,9,9,1,,,2,2,,,,,,,,1,1,1,1,1,1,,,,,,,,,,,,,,,,,,,,,,,,,,,,,,,,,,3,3,2610,4,43,1,11,140,0
132,2.398000002,1,1,1,10,1,1,9,9,1,,,2,2,,,,,,,,1,1,1,1,1,1,,,,,,,,,,,,,,,,,,,,,,,,,,,,,,,,,,3,3,9999,,,7,70,185,73
133,3.161999941,3,2,1,10,1,1,9,3,2,,,2,2,,,,,,,,1,1,1,1,1,1,,,,,,,,,,,,,,,,,,,,,,,,,,,,,,,,,,1,3,7700,,4,2,23,150,0
134,10.73700047,1,1,5,10,3,1,9,1,2,,,2,2,,,,,1,6,13,1,1,1,1,1,1,2,4,0,1,1,2,2,2,2,2,1,1,3,,1,5,10,2,2,12,1,1,9,7,16,,17,16,,,,17,17,1,1,5000,9,91,5,51,130,0
135,4.086999893,1,2,4,20,1,1,9,9,1,,,2,2,1,1,3,6,1,1,11,1,1,1,1,1,1,2,4,0,1,2,2,2,2,2,1,1,1,5,O,1,5,9,2,2,12,1,1,1,1,7,,9,7,,10,18,14,16,5,3,8400,3,32,4,44,140,0
136,3.39199996,1,2,4,20,1,1,9,2,2,,,2,2,2,1,2,5,1,1,11,1,1,1,1,1,1,2,5,0,1,1,2,2,1,2,5,1,1,4,K,1,5,9,2,2,12,1,1,1,3,16,,16,15,,,,17,16,3,3,70,7,72,6,61,130,0
137,4.178999901,1,2,5,20,1,1,9,9,1,,,2,2,1,1,3,12,1,8,12,1,2,2,2,2,2,2,6,0,1,1,2,2,1,2,6,1,1,2,P,1,5,,2,7,13,2,1,1,3,14,,15,14,,11,9,17,16,3,3,9999,,,6,61,300,33
138,4.576000214,1,2,2,10,1,1,9,9,1,,,2,2,,2,0,9,1,1,11,1,1,1,1,1,1,2,4,0,1,1,2,2,2,2,3,1,1,,O,1,3,10,,,18,,,,,,,3,,,,,2,6,1,3,2300,,,3,31,170,99
139,8.486000061,2,2,6,20,2,1,9,,1,,,,,,1,3,7,1,1,11,1,1,1,1,1,1,3,0,0,2,2,2,2,2,2,8,4,2,,,4,,,,,,,,,,,,,,,,,,,2,3,1060,,,6,62,270,99
140,2.322000027,1,1,3,10,1,1,9,9,1,,,2,2,,,,8,1,1,11,1,1,1,1,1,1,2,3,0,1,2,2,2,2,2,1,1,1,7,F,1,5,9,3,8,17,,1,,3,12,,13,11,,,,14,13,5,3,3780,,1,7,70,150,0
141,2.51699996,1,1,1,10,1,1,9,9,1,,,2,2,,,,,,,,1,1,1,1,1,1,,,,,,,,,,,,,,,,,,,,,,,,,,,,,,,,,,5,3,6100,3,31,5,51,130,0
142,1.386999965,1,2,3,20,1,1,9,9,1,,,2,2,1,1,1,12,1,1,21,1,1,1,1,1,1,1,5,0,1,1,2,2,2,2,3,1,1,2,P,1,5,3,2,3,26,2,1,1,,4,,6,3,,,,6,5,3,3,9999,,,2,23,300,7
143,1.85800004,2,1,6,20,2,1,9,,1,,,,,2,,,3,1,1,21,1,1,1,1,1,1,2,4,0,1,1,2,2,2,2,2,1,1,5,G,1,,,1,1,21,,2,,,,6,6,,6,,,7,6,3,3,654,,,3,32,270,99
144,2.302000046,1,2,1,10,1,1,9,9,1,,,2,2,,,,,,,,1,1,1,1,1,1,,,,,,,,,,,,,,,,,,,,,,,,,,,,,,,,,,2,3,9999,,,6,62,300,42
145,1.600999951,1,2,1,10,1,1,9,9,1,,,2,2,,,,,,,,1,1,1,1,1,1,,,,,,,,,,,,,,,,,,,,,,,,,,,,,,,,,,3,3,9999,,,4,42,300,20
146,1.699000001,1,1,5,20,1,2,1,1,2,4,1,2,2,2,,,11,1,1,11,1,2,1,2,1,2,2,4,0,1,1,2,2,2,2,2,1,1,1,G,1,5,10,2,6,13,4,1,1,2,20,,20,20,,5,4,20,20,2,3,9999,,,4,43,300,30
147,2.375,1,1,1,10,1,1,9,9,1,,,2,2,,,,,,,,,,,,,,,,,,,,,,,,,,,,,,,,,,,,,,,,,,,,,,,5,3,6100,2,22,5,51,130,0
148,5.993000031,1,1,1,10,1,1,9,3,2,,,2,2,,,,,,,,1,1,1,1,1,1,,,,,,,,,,,,,,,,,,,,,,,,,,,,,,,,1,2,1,3,812,,,2,24,185,99
149,3.243999958,1,1,3,10,3,1,9,9,1,,,2,2,,,,,1,6,13,1,1,1,1,1,1,2,4,0,1,1,2,2,2,2,3,1,1,5,I,1,5,10,2,2,12,1,1,11,,10,,11,9,,,,12,11,1,1,5000,14,142,5,51,130,0
150,2.03399992,1,1,5,20,1,1,9,3,2,,,2,2,2,,,4,1,1,11,1,1,1,1,1,1,2,4,0,1,1,2,2,2,2,2,1,1,6,A,1,5,,2,2,12,1,1,1,2,18,,19,18,,5,4,19,19,1,3,9999,,,4,41,300,18
151,4.528999806,2,2,4,20,2,1,9,,1,,,,,2,1,3,5,1,1,21,1,1,1,1,1,1,2,5,0,1,1,2,2,2,2,2,2,1,5,P,4,4,2,2,2,22,1,1,2,3,5,,7,4,,,,8,7,2,3,520,,,2,23,285,99
152,4.397999764,1,1,5,20,1,1,9,2,2,,,2,2,2,,,4,1,1,11,1,1,1,1,1,1,2,5,0,1,1,2,2,1,2,5,1,1,1,M,1,5,10,2,6,14,5,3,1,3,20,,20,20,,5,4,20,20,2,3,7400,2,22,4,41,130,0
153,6.125999928,3,2,5,20,1,2,1,1,2,3,2,2,1,1,1,1,10,1,1,11,1,1,1,1,1,1,2,6,0,1,1,2,2,1,2,6,1,1,1,Q,1,5,10,2,5,14,2,1,1,,17,,18,17,,,,20,19,1,3,2620,,2,5,51,160,0
154,2.441999912,2,1,3,20,2,1,9,,1,,,,,1,,,8,1,1,11,1,2,2,1,1,2,2,4,0,1,1,2,2,2,2,2,4,2,,,4,,,,,,,,,,,,12,,,,,13,11,3,,1161,,2,6,62,250,0
155,4.103000164,1,2,2,10,1,1,9,9,1,,,2,2,,2,0,,1,2,25,1,1,1,1,1,1,2,4,0,1,1,2,2,2,2,3,1,1,,O,1,5,10,,,28,,,,,,,2,,,,,2,2,1,4,6500,2,22,3,32,140,0
156,3.240999937,1,1,1,10,1,2,3,3,2,1,1,2,1,,,,,,,,1,1,1,1,1,1,,,,,,,,,,,,,,,,,,,,,,,,,,,,,,,,,,3,3,7400,2,22,4,41,130,0
157,2.378999949,2,1,1,10,2,1,9,,1,,,,,,,,,,,,1,1,1,1,1,1,,,,,,,,,,,,,,,,,,,,,,,,,,,,,,,,,,1,3,534,,,3,31,270,99
158,4.927999973,1,2,6,20,1,1,9,2,2,,,2,2,1,1,2,6,1,1,11,1,1,1,1,1,1,1,6,0,1,1,2,2,1,2,6,1,1,2,O,1,5,8,2,7,14,3,1,1,3,16,,17,16,,,,17,17,2,3,3616,,3,7,70,160,0
159,9.802000046,3,2,6,30,3,2,3,3,2,4,2,2,2,1,1,2,7,1,1,11,1,2,2,1,1,2,2,4,0,1,1,2,2,2,2,3,1,1,5,Q,4,4,3,2,2,12,2,1,3,3,2,,4,1,,17,15,9,8,1,4,4000,7,71,3,31,130,0
160,2.332999945,1,1,1,10,1,1,9,4,2,,,2,2,,,,,,,,,,,,,,,,,,,,,,,,,,,,,,,,,,,,,,,,,,,7,7,2,1,3,3,1034,,,6,61,160,0
161,2.203000069,1,2,4,20,1,2,4,4,2,2,2,2,1,1,1,3,10,1,1,11,1,1,1,1,1,1,2,5,0,1,1,2,2,2,2,2,1,1,,,1,3,,1,1,11,,1,,,5,,6,6,,20,20,14,15,5,3,3780,,2,7,70,150,0
162,11.77499962,2,2,7,20,2,1,9,,1,,,,,1,1,3,3,1,1,21,2,2,2,2,2,2,2,2,0,1,2,2,2,2,2,1,4,2,,,4,,,,,,,,,,,,,,,10,8,3,2,3,2,2710,,3,3,32,250,0
163,4.774000168,1,2,1,10,1,1,9,9,1,,,2,2,,,,,,,,1,1,1,1,1,1,,,,,,,,,,,,,,,,,,,,,,,,,,,,,,,,,,1,3,7900,7,72,4,42,130,0
164,5.254000187,1,1,2,10,3,1,9,3,2,,,2,2,,,,9,1,1,11,1,1,1,1,1,1,1,4,0,1,1,2,2,2,2,3,1,1,8,,1,1,,2,2,12,2,1,3,,1,,2,1,,1,1,2,2,1,3,3000,2,22,1,11,120,0
165,0,3,1,4,20,3,2,1,1,2,,,2,2,2,,,11,1,1,11,1,1,1,1,1,1,2,5,0,1,1,2,2,1,2,9,1,1,5,Q,1,,,2,2,12,1,1,10,,,,,,,,,,,,3,5000,3,32,5,51,130,0
166,8.277000427,1,2,7,20,3,2,3,3,2,3,2,2,1,1,1,1,8,1,1,11,1,1,1,1,1,1,2,5,0,1,1,2,1,2,1,4,4,2,,,4,,,,,,,,,,,,1,,,12,9,4,4,5,2,3000,6,61,1,11,120,0
167,2.98300004,1,1,1,10,1,1,9,9,1,,,2,2,,,,,,,,,,,,,,,,,,,,,,,,,,,,,,,,,,,,,,,,,,,,,,,5,3,3797,,1,7,70,150,0
168,5.035999775,1,1,4,20,1,1,9,9,1,,,2,2,2,,,11,1,1,21,1,1,1,1,1,1,2,4,0,1,1,2,2,2,2,2,1,1,5,I,1,5,,3,8,27,,2,1,,,11,10,,11,3,3,11,10,2,3,6500,4,41,3,32,140,0
169,7.928999901,2,1,3,10,2,1,9,,1,,,,,,,,,,,26,,,,,,2,2,4,0,1,1,2,2,2,2,3,1,1,,,,,,,,28,,,,,,,9,,,,,10,17,6,3,536,,,2,24,285,99
170,3.917999983,1,1,7,20,1,2,1,2,2,3,2,2,1,,,,7,1,1,21,1,1,1,1,1,1,2,3,0,1,2,2,2,2,2,1,4,2,,,4,,,,,,,,,,,,,,,20,19,10,8,3,3,246,,2,6,62,160,0
171,5.06799984,2,1,3,20,2,1,9,,1,,,,,1,,,7,1,1,21,1,1,1,1,1,1,2,5,0,1,1,2,1,2,2,4,1,1,7,F,1,,10,3,8,27,,2,1,1,,19,19,,19,7,6,19,19,3,3,7300,,1,2,23,250,0
172,2.497999907,1,2,1,10,1,1,9,3,2,,,2,2,,,,,,,,1,1,1,1,1,1,,,,,,,,,,,,,,,,,,,,,,,,,,,,,,,,,,1,3,6400,2,23,5,51,140,0
173,3.522000074,1,1,1,10,1,1,9,3,2,,,2,2,,,,,,,,1,1,1,2,1,1,,,,,,,,,,,,,,,,,,,,,,,,,,,,,,,,,,1,3,6200,3,31,5,51,140,0
174,2.911000013,2,2,2,10,2,1,9,,1,,,,,,2,0,9,1,1,21,1,1,1,1,1,1,2,4,0,1,1,2,2,2,2,2,4,2,,,4,,,,,,,,,,,,,,,,,,,2,3,480,,,2,24,270,99
175,4.228000164,3,2,5,20,3,2,1,1,2,3,2,2,1,,1,1,,1,2,12,1,2,1,1,1,1,2,4,0,1,1,2,2,2,2,3,1,1,9,T,1,5,,3,8,17,,1,3,4,1,,,1,,,,,,3,3,5000,8,81,5,51,130,0
176,14.75300026,1,2,7,40,1,2,1,1,2,3,2,2,1,1,1,1,7,1,1,11,1,2,2,1,2,2,2,4,0,1,1,2,2,2,2,3,4,2,,,4,,,,,,,,,,,,,,,17,15,6,5,1,1,2100,,,3,31,160,0
177,11.56499958,2,1,4,20,3,1,9,,1,,,,,3,,,12,1,1,11,1,1,2,1,1,2,2,4,0,1,1,2,2,2,2,2,1,1,3,O,1,5,10,2,2,12,1,1,1,2,11,,13,11,,2,2,17,16,1,4,4000,5,53,3,31,130,0
178,2.602999926,1,2,4,20,1,2,1,1,2,3,1,2,1,2,1,2,12,2,,26,1,1,1,1,1,1,2,4,0,1,1,2,2,2,2,2,4,2,,,4,,,,,,,,,,,,,,,,,,,1,4,2600,,4,6,62,150,0
179,4.31799984,1,1,7,40,1,1,9,1,2,,,2,2,,,,1,1,1,21,1,1,2,1,1,1,2,6,0,1,1,2,2,1,2,6,1,1,2,M,1,5,,3,8,27,,2,1,,,17,18,,17,12,10,18,18,1,2,9999,,,2,22,300,3
180,3.27699995,1,1,4,20,3,1,9,2,2,,,2,2,3,,,7,1,1,11,1,1,1,1,1,1,2,5,0,1,1,2,1,2,2,4,1,1,3,K,1,5,9,2,2,12,,2,1,,,13,12,,13,5,4,14,13,2,5,7000,,2,4,43,150,0
181,9.369000435,2,1,7,20,2,1,9,,1,,,,,1,,,8,1,1,21,2,2,1,2,1,1,2,3,0,1,1,2,2,2,2,1,4,2,,,4,,,,,,,,,,,,,,,19,17,7,6,2,3,498,,,2,23,270,99
182,3.489000082,1,1,3,20,1,1,9,9,1,,,2,2,2,,,12,1,1,11,1,1,1,1,1,1,2,4,0,1,1,2,2,2,2,2,1,1,7,C,1,5,,1,1,11,,2,,,,5,6,,5,5,4,8,8,2,3,9999,,,4,43,300,30
183,4.868999958,1,2,3,30,1,1,9,1,2,,,2,2,1,1,1,12,1,8,14,1,1,1,1,1,1,2,4,0,1,1,2,2,2,2,2,1,1,3,Q,1,5,,2,7,14,3,1,1,3,5,,6,3,,10,8,9,8,1,4,8400,4,41,4,44,140,0
184,3.358999968,1,1,1,10,1,1,9,9,1,,,2,2,,,,,,,,1,1,1,1,1,1,,,,,,,,,,,,,,,,,,,,,,,,,,,,,,,,,,5,3,6100,6,62,5,51,130,0
185,2.796000004,1,2,1,10,1,1,9,9,1,,,2,2,,,,,,,,1,1,1,1,1,1,,,,,,,,,,,,,,,,,,,,,,,,,,,,,,11,9,3,2,2,3,9000,7,72,6,62,130,0
186,4.931000233,3,2,1,10,1,1,9,1,2,,,2,2,,,,,,,,1,1,1,1,1,1,,,,,,,,,,,,,,,,,,,,,,,,,,,,,,,,1,2,1,3,6200,5,51,5,51,140,0
187,8.843000412,1,1,7,20,3,2,3,3,2,6,1,2,2,1,,,2,1,1,11,2,2,1,1,1,1,2,6,0,1,1,2,2,1,2,6,1,1,2,Q,1,5,,2,2,12,1,1,3,3,15,,20,14,,15,13,20,20,3,2,3000,12,122,1,11,120,0
188,2.355000019,1,2,1,10,3,1,9,9,1,,,2,2,,,,,,,,,,,,,,,,,,,,,,,,,,,,,,,,,,,,,,,,,,,,,,,5,3,3000,4,41,1,11,120,0
189,2.747999907,1,1,1,10,1,1,9,9,1,,,2,2,,,,,,,,1,1,1,1,1,1,,,,,,,,,,,,,,,,,,,,,,,,,,,,,,,,,,1,5,6900,3,31,4,42,140,0
190,3.539999962,1,2,1,10,1,1,9,9,1,,,2,2,,,,,,,,1,1,1,1,1,1,,,,,,,,,,,,,,,,,,,,,,,,,,,,,,,,,,5,3,6100,4,41,5,51,130,0
191,11.7840004,3,2,7,20,3,2,3,3,2,3,2,2,1,1,1,2,9,1,1,11,1,1,2,1,1,1,2,6,0,1,1,2,1,2,2,4,4,2,,,4,,,,,,,,,,,,2,,,11,9,6,6,1,2,7000,,5,4,43,150,0
192,6.328000069,1,2,1,10,1,1,9,9,1,,,2,2,,,,,,,,1,1,1,1,1,1,,,,,,,,,,,,,,,,,,,,,,,,,,,,,,,,,,2,3,7100,2,21,6,61,140,0
193,2.713000059,1,2,1,10,1,1,9,9,1,,,2,2,,,,,,,,,,,,,,,,,,,,,,,,,,,,,,,,,,,,,,,,,,,,,,,1,3,9999,,,2,22,300,6
194,3.453000069,1,1,1,10,1,1,9,9,1,,,2,2,,,,,,,,1,1,1,1,1,1,,,,,,,,,,,,,,,,,,,,,,,,,,,,,,,,1,1,2,3,6600,4,41,5,51,140,0
195,1.889999986,1,2,1,10,3,1,9,9,1,,,2,2,,,,,,,,,,,,,,,,,,,,,,,,,,,,,,,,,,,,,,,,,,,,,,,5,3,4000,7,72,3,31,130,0
196,2.799000025,1,1,1,10,1,1,9,9,1,,,2,2,,,,,,,,1,1,1,1,1,1,,,,,,,,,,,,,,,,,,,,,,,,,,,,,,,,1,1,3,3,9999,,,6,62,185,39
197,7.357999802,1,1,6,20,1,1,9,9,1,,,2,2,2,,,8,1,1,11,1,1,1,1,1,1,2,5,0,1,1,2,1,2,2,4,1,1,3,F,1,5,10,2,7,14,4,1,1,3,19,,20,19,,,,20,20,2,3,466,,,4,43,185,99
198,2.088000059,1,2,1,10,1,1,9,9,1,,,2,2,,,,,,,,1,1,1,1,1,1,,,,,,,,,,,,,,,,,,,,,,,,,,,,,,,,,,5,3,3797,,3,7,70,150,0
199,5.893000126,1,2,1,10,3,1,9,9,1,,,2,2,,,,,,,,1,1,1,1,1,1,,,,,,,,,,,,,,,,,,,,,,,,,,,,,,,,,,1,4,3000,17,172,1,11,120,0
200,13.52600002,1,2,7,40,1,1,9,3,2,,,2,2,1,1,2,,1,6,12,1,1,1,1,1,1,2,5,0,1,1,2,2,2,1,9,1,1,3,G,1,5,,2,2,12,1,1,1,4,15,,16,15,,18,17,18,17,1,1,7200,,2,4,44,150,0
201,5.195000172,1,1,1,10,3,1,9,9,1,,,2,2,,,,,,,,,,,,,,,,,,,,,,,,,,,,,,,,,,,,,,,,,,,,,,,1,3,5000,3,32,5,51,130,0
202,2.48300004,1,1,4,20,1,1,9,9,1,,,2,2,2,,,,1,8,22,1,1,1,1,1,1,2,4,0,1,1,2,2,2,2,3,1,1,1,H,1,5,10,2,7,23,6,1,1,2,16,,17,16,,3,2,17,17,2,3,1020,,,3,32,160,0
203,5.867000103,2,2,1,10,2,1,9,,1,,,,,,,,,,,,1,1,1,1,1,1,,,,,,,,,,,,,,,,,,,,,,,,,,,,,,,,,,2,3,8900,,,2,24,260,0
204,6.156000137,1,2,2,10,3,1,9,3,2,,,2,2,,2,0,8,1,1,11,1,1,1,1,1,1,1,4,0,1,1,2,2,2,2,3,4,1,5,Q,4,1,,3,8,17,,1,1,,1,,2,3,,5,14,3,9,1,4,4000,5,52,3,31,130,0
205,3.673000097,1,1,3,20,3,1,9,9,1,,,2,2,2,,,,1,8,15,1,1,1,1,1,1,2,5,1,1,1,1,2,1,2,5,1,1,2,K,1,5,10,2,2,12,1,1,11,4,19,,19,19,,2,2,19,19,3,3,3000,13,131,1,11,120,0
206,1.922999978,1,1,2,10,1,1,9,9,1,,,2,2,,,,8,1,1,11,1,1,1,1,1,1,1,4,0,1,1,2,2,2,2,2,1,1,5,G,1,5,10,2,2,12,1,1,1,3,8,,10,7,,,,11,10,6,3,9999,,,6,62,300,42
207,10.64000034,1,2,7,20,1,2,1,2,2,5,1,2,2,1,1,3,3,1,1,21,2,1,1,2,1,2,2,2,0,1,2,2,2,2,2,1,1,1,9,C,1,5,10,2,5,26,3,1,5,2,10,,11,9,,9,7,13,12,3,2,9200,,,2,23,170,0
208,5.513000011,1,2,3,20,1,1,9,9,1,,,2,2,1,1,1,,1,2,12,1,1,1,1,1,1,2,4,0,1,2,2,2,2,2,1,1,1,4,G,1,5,9,2,2,12,1,1,1,3,6,,8,5,,5,19,10,14,5,4,2610,1,12,1,11,140,0
209,3.812999964,1,2,1,10,1,1,9,9,1,,,2,2,,,,,,,,,,,,,,,,,,,,,,,,,,,,,,,,,,,,,,,,,,,,,,,3,3,3640,,,7,70,185,99
210,4.816999912,1,2,1,10,3,1,9,9,1,,,2,2,,,,,,,,1,1,1,1,1,1,,,,,,,,,,,,,,,,,,,,,,,,,,,,,,,,,,2,3,4000,1,13,3,31,130,0
211,1.85800004,1,1,3,20,1,1,9,2,2,,,2,2,1,,,11,1,1,21,1,1,1,1,1,1,2,5,2,1,1,1,2,1,2,5,1,1,3,M,1,5,9,3,8,27,,1,1,3,15,,15,14,,5,4,16,16,3,3,9999,,,7,70,300,78
212,2.447000027,1,1,1,10,1,1,9,2,2,,,2,2,,,,,,,,,,,,,,,,,,,,,,,,,,,,,,,,,,,,,,,,,,,,,,,2,5,8300,1,11,4,44,130,0
213,5.931000233,1,2,2,10,1,1,9,1,2,,,2,2,,2,0,11,1,1,11,1,1,1,1,1,1,2,4,0,1,1,2,2,2,1,2,1,1,4,N,1,5,9,2,2,12,2,1,3,3,5,,6,6,,9,18,9,13,2,4,70,7,72,6,61,130,0
214,3.698999882,1,2,1,10,3,1,9,1,2,,,2,2,,,,,,,,,,,,,,,,,,,,,,,,,,,,,,,,,,,,,,,,,,,,,,,2,3,8500,,2,4,43,150,0
215,5.289999962,2,2,4,20,3,1,9,,1,,,,,2,1,2,,1,2,12,1,1,1,1,1,1,1,6,0,1,1,2,2,1,2,6,1,1,,I,1,,,2,2,12,2,1,1,,9,,11,11,,10,19,13,17,1,3,3000,2,22,1,11,120,0
216,5.245999813,1,1,1,10,1,1,9,9,1,,,2,2,,,,,,,,1,1,1,1,1,1,,,,,,,,,,,,,,,,,,,,,,,,,,,,,,,,,,2,3,9000,6,61,6,62,130,0
217,3.01699996,1,1,1,10,1,1,9,9,1,,,2,2,,,,,,,,1,1,1,1,1,1,,,,,,,,,,,,,,,,,,,,,,,,,,,,,,,,,,5,3,3797,,3,7,70,150,0
218,5.414999962,1,2,2,10,1,1,9,9,1,,,2,2,,2,0,9,1,1,11,1,1,1,1,1,1,2,4,0,1,1,2,2,2,2,3,1,1,4,K,1,3,,2,2,12,1,1,1,,10,,11,9,,,,12,11,2,3,8300,5,51,4,44,130,0
219,4.623000145,1,2,4,10,1,1,9,9,1,,,2,2,,2,0,6,1,1,11,1,1,1,1,1,1,2,5,0,1,1,2,1,2,2,4,1,1,2,M,1,5,,1,1,11,,2,,,,12,11,,12,11,20,14,16,1,5,7200,,1,4,44,150,0
220,9.68999958,1,1,2,10,1,1,9,9,1,,,2,2,,,,9,1,1,21,1,1,1,1,1,1,1,4,0,1,2,2,2,2,2,1,4,2,,,4,,,,,,,,,,,,5,,,,,5,5,3,3,9999,,,7,70,185,73
221,4.729000092,1,2,1,10,1,1,9,9,1,,,2,2,,,,,,,,1,1,1,1,1,1,,,,,,,,,,,,,,,,,,,,,,,,,,,,,,,,7,6,1,4,8300,6,61,4,44,130,0
222,2.887000084,1,2,7,20,1,2,1,2,2,1,3,1,1,1,1,2,12,2,,16,1,1,1,1,1,1,2,6,0,1,1,2,2,1,2,6,4,2,,,4,,,,,,,,,,,,,,,,,,,2,5,9999,,,3,32,300,15
223,7.153999806,2,2,4,20,4,1,9,,2,,,,,1,1,2,10,1,1,11,1,1,1,1,1,1,2,6,0,1,1,2,2,1,2,6,1,1,1,P,1,5,7,2,2,12,1,1,1,3,8,,14,6,,,,15,14,2,3,3000,24,241,1,11,120,0
224,4.080999851,1,2,6,20,1,1,9,3,2,,,2,2,,1,2,,,,16,,,,,,2,2,4,0,1,1,2,2,2,2,3,1,1,,,,,,,,18,,,,,,,11,,,11,10,14,13,3,2,7900,4,43,4,42,130,0
225,6.06799984,2,2,1,10,2,1,9,,2,,,,,,,,,,,,1,1,1,1,1,1,,,,,,,,,,,,,,,,,,,,,,,,,,,,,,,,,,2,3,472,,,1,11,285,99
226,4.71999979,1,1,1,10,1,1,9,9,1,,,2,2,,,,,,,,1,1,1,1,1,1,,,,,,,,,,,,,,,,,,,,,,,,,,,,,,,,,,1,4,1271,,,6,62,185,99
227,4.751999855,1,2,6,20,1,1,9,9,1,,,2,2,2,1,2,9,1,1,11,1,1,2,1,1,1,2,4,0,1,1,2,2,2,2,3,1,1,3,C,1,5,10,2,2,12,1,1,1,3,18,,19,18,,,,19,19,1,3,6600,4,41,5,51,140,0
228,2.095000029,1,1,3,20,1,1,9,9,1,,,2,2,2,,,8,1,1,11,1,1,1,1,1,1,2,5,0,1,1,2,1,2,2,4,2,2,,,4,,,,,,,,,,,,17,,,7,6,17,17,1,5,9999,,,1,11,170,26
229,6.084000111,1,1,1,10,1,1,9,9,1,,,2,2,,,,,,,,,,,,,,,,,,,,,,,,,,,,,,,,,,,,,,,,,,,,,,,2,3,466,,,4,43,185,99
230,4.770999908,1,2,1,10,1,1,9,9,1,,,2,2,,,,,,,,1,1,1,1,1,1,,,,,,,,,,,,,,,,,,,,,,,,,,,,,,,,,,2,4,9500,,4,3,31,160,0
231,2.394000053,1,1,4,20,1,1,9,9,1,,,2,2,2,,,12,1,1,21,1,1,1,1,1,1,2,5,0,1,1,2,2,1,2,5,2,1,1,I,4,3,10,3,8,27,,1,1,3,16,,16,17,,10,20,17,19,1,3,9999,,,2,23,300,9
232,5.959000111,1,2,6,10,1,1,9,9,1,,,2,2,,2,0,3,1,1,21,1,1,1,1,1,1,2,6,0,1,1,2,2,1,2,7,1,1,3,O,1,5,8,1,1,21,,1,,,10,,11,9,,9,7,13,12,1,1,9999,,,6,61,300,37
233,12.46899986,1,1,4,10,3,1,9,3,2,,,2,2,,,,,1,6,13,1,2,1,1,1,1,2,5,0,1,1,2,2,1,2,5,1,1,3,J,1,5,10,2,3,14,3,1,1,4,14,,15,14,,,,16,15,1,1,5000,10,103,5,51,130,0
234,5.434999943,3,1,7,20,1,2,3,3,2,1,3,1,1,1,,,12,2,,26,1,2,1,1,1,1,2,4,0,1,1,2,2,2,2,1,1,1,,C,1,5,,2,5,23,3,1,2,2,13,,14,12,,,,14,13,6,5,7100,2,23,6,61,140,0
235,2.868000031,1,1,3,20,1,1,9,9,1,,,2,2,1,,,12,1,1,11,1,1,1,1,1,1,2,4,3,1,1,1,2,2,2,2,1,1,,,1,5,,2,,18,,1,1,,7,,14,8,,7,6,15,15,5,3,8400,1,12,4,44,140,0
236,1.529999971,1,2,2,10,1,1,9,9,1,,,2,2,,2,0,8,1,1,11,1,1,1,1,1,1,1,5,0,1,1,2,2,2,2,3,1,1,1,O,1,5,10,,,18,,,,,,,,,,,,,,2,3,9999,,,4,41,300,16
237,2.065000057,1,2,1,10,1,1,9,3,2,,,2,2,,,,,,,,1,1,1,1,1,1,,,,,,,,,,,,,,,,,,,,,,,,,,,,,,,,,,1,3,9999,,,7,70,300,74
238,3.980000019,1,1,3,10,1,1,9,2,2,,,2,2,,,,8,1,1,21,1,1,1,1,1,1,2,3,0,1,2,2,2,2,2,1,1,1,5,G,1,2,8,2,2,22,1,1,1,,2,,3,2,,19,17,9,10,2,4,2630,,3,6,61,150,0
239,4.93599987,1,1,2,10,1,1,9,9,1,,,2,2,,,,8,1,1,11,1,1,1,1,1,1,2,4,0,1,1,2,2,2,2,3,1,1,4,H,1,5,,2,6,13,3,1,1,,9,,11,8,,,,12,11,1,3,7900,6,61,4,42,130,0
240,4.708000183,1,1,2,10,1,1,9,9,1,,,2,2,,,,12,1,1,11,1,1,1,1,1,1,2,3,0,1,2,2,2,2,2,1,4,2,,,4,,,,,,,,,,,,,,,18,16,7,6,5,3,9700,,2,4,42,150,0
241,7.302000046,1,1,7,20,1,1,9,3,2,,,2,2,2,,,8,1,1,11,1,1,1,1,1,1,2,5,0,1,1,2,1,2,2,4,4,2,,,4,,,,,,,,,,,,,,,14,11,4,3,1,2,6900,3,31,4,42,140,0
242,5.782000065,2,2,3,20,2,1,9,,1,,,,,1,1,1,11,1,1,11,1,1,1,1,1,1,2,5,0,1,1,2,2,1,2,5,1,1,2,P,1,5,,2,2,12,1,2,11,,,1,2,,1,,,1,1,2,3,1290,,,4,41,285,99
243,4.824999809,1,1,3,20,1,2,3,3,2,1,2,1,1,1,,,,1,2,12,1,1,1,1,1,1,2,4,1,1,1,1,2,2,2,2,4,2,,,4,,,,,,,,,,,,,,,7,6,2,1,5,3,2610,4,43,1,11,140,0
244,3.996000052,1,2,3,20,1,1,9,9,1,,,2,2,1,1,2,,1,3,12,1,1,1,1,1,1,2,5,0,1,1,2,2,1,2,5,1,1,2,P,1,5,,3,8,17,,1,3,,13,,14,13,,7,18,16,17,5,3,2610,4,43,1,11,140,0
245,7.326000214,2,1,4,20,2,1,9,,1,,,,,2,,,5,1,1,21,2,1,1,1,1,1,2,4,0,1,1,2,2,2,2,2,1,1,5,O,1,5,,2,7,23,5,1,1,3,17,,,16,,5,4,2,1,2,3,9999,,,2,24,285,56
246,8.039999962,2,2,1,10,4,1,9,,1,,,,,,,,,,,,1,1,1,1,1,1,,,,,,,,,,,,,,,,,,,,,,,,,,,,,,,,,,3,4,3000,26,262,1,11,120,0
247,3.122999907,1,2,3,20,1,1,9,9,1,,,2,2,1,1,3,12,1,1,11,1,1,1,1,1,1,2,4,0,1,1,2,2,2,2,2,1,1,4,Q,1,5,5,2,2,12,2,1,3,3,9,,10,8,,,,11,10,5,3,2610,4,42,1,11,140,0
248,2.937000036,1,2,1,10,1,1,9,9,1,,,2,2,,,,,,,,1,1,1,1,1,1,,,,,,,,,,,,,,,,,,,,,,,,,,,,,,,,,,2,3,2500,,,3,31,160,0
249,10.01200008,1,1,7,40,1,1,9,1,2,,,2,2,1,,,1,1,1,11,1,1,2,1,2,2,2,2,0,1,2,2,2,2,2,1,4,2,,,4,,,,,,,,,,,,,,,14,12,16,16,1,1,8400,2,23,4,44,140,0
250,3.714999914,1,2,7,20,3,2,3,3,2,3,2,2,1,1,1,1,7,1,1,11,1,1,1,1,1,1,2,6,0,1,1,2,2,1,2,6,4,2,,,4,,,,,,,,,,,,,,,12,9,4,3,1,2,4000,6,64,3,31,130,0
251,0.940999985,1,1,4,10,1,1,9,9,1,,,2,2,,,,12,1,8,22,1,1,1,1,1,1,2,6,0,1,1,2,2,1,2,5,1,1,2,M,1,5,10,3,8,27,,2,1,3,,7,7,,7,,,8,7,1,3,9999,,,6,62,300,48
252,2.259999991,1,2,1,10,3,1,9,9,1,,,2,2,,,,,,,,1,1,1,1,1,1,,,,,,,,,,,,,,,,,,,,,,,,,,,,,,,,,,3,3,3000,16,161,1,11,120,0
253,4.459000111,1,1,2,10,1,1,9,2,2,,,2,2,,,,8,1,1,21,1,1,1,1,1,1,1,4,0,1,1,2,2,2,1,3,1,1,5,N,1,5,,3,8,27,,1,1,,11,,12,11,,,,13,12,2,3,7700,,1,2,23,150,0
254,4.821000099,1,2,3,20,1,1,9,9,1,,,2,2,1,1,1,,1,2,12,1,1,1,1,1,1,2,4,0,1,1,2,2,2,2,2,1,1,2,P,1,5,7,2,2,12,1,1,11,3,5,,6,5,,10,19,10,14,5,3,6100,4,41,5,51,130,0
255,4.06799984,1,1,1,10,3,1,9,9,1,,,2,2,,,,,,,,,,,,,,,,,,,,,,,,,,,,,,,,,,,,,,,,,,,,,,,3,3,4000,4,41,3,31,130,0
256,3.645999908,1,1,5,20,3,1,9,9,1,,,2,2,2,,,,1,2,12,1,1,1,1,1,1,2,6,0,1,1,2,2,1,2,5,1,1,2,H,1,5,10,2,2,12,2,1,1,3,19,,19,19,,5,4,19,19,2,3,4000,8,82,3,31,130,0
257,1.254999995,1,1,1,10,1,1,9,9,1,,,2,2,,,,,,,,1,1,1,1,1,1,,,,,,,,,,,,,,,,,,,,,,,,,,,,,,,,,,3,3,9999,,,6,62,300,48
258,2.736000061,1,2,1,10,1,1,9,9,1,,,2,2,,,,,,,,1,1,1,1,1,1,,,,,,,,,,,,,,,,,,,,,,,,,,,,,,,,,,3,3,182,,,4,41,170,99
259,6.166999817,3,1,4,20,3,2,3,3,2,3,1,2,1,2,,,7,1,1,11,1,1,1,1,1,1,2,5,0,1,1,2,1,2,2,4,1,1,7,C,1,5,10,2,7,14,2,1,1,2,15,,16,14,,3,3,16,16,1,3,7600,,1,2,24,160,0
260,5.711999893,1,1,4,30,1,1,9,1,2,,,2,2,2,,,6,1,1,11,1,1,1,1,1,1,2,6,1,1,1,1,2,1,2,6,1,1,,,1,5,10,2,7,15,5,1,1,,18,,18,17,,,,18,18,2,3,8400,2,22,4,44,140,0
261,7.896999836,2,2,6,20,2,1,9,,1,,,,,,1,2,9,1,1,21,1,2,1,1,1,1,2,6,0,1,1,2,2,1,2,6,1,1,2,P,1,5,,2,2,22,1,1,1,3,17,,18,17,,,,18,18,2,3,480,,,2,24,270,99
262,4.757999897,1,1,1,10,3,1,9,9,1,,,2,2,,,,,,,,1,1,1,1,1,1,,,,,,,,,,,,,,,,,,,,,,,,,,,,,,,,,,1,3,5000,14,141,5,51,130,0
263,1.35800004,1,2,4,20,1,1,9,9,1,,,2,2,2,1,2,12,2,,26,1,1,1,1,1,1,1,5,0,1,1,2,2,1,2,5,1,1,2,Q,1,5,5,2,5,23,5,1,1,3,11,,12,11,,,,13,12,1,3,9999,,,6,62,300,48
264,9.63599968,1,2,6,20,1,2,1,1,2,4,2,2,2,,1,2,,1,1,11,1,1,1,1,1,1,2,4,0,1,1,2,2,2,2,3,1,1,5,G,1,5,,2,3,13,2,1,3,,9,,11,8,,11,9,14,12,2,2,2610,1,12,1,11,140,0
265,4.646999836,1,2,1,10,1,1,9,9,1,,,2,2,,,,,,,,1,1,1,1,1,1,,,,,,,,,,,,,,,,,,,,,,,,,,,,,,,,,,2,3,9400,,,4,42,160,0
266,7.770999908,1,2,2,10,1,1,9,2,2,,,2,2,,2,0,9,1,1,11,1,1,1,1,1,1,1,4,0,1,1,2,2,2,2,2,4,2,,,4,,,,,,,,,,,,,,,,,,,5,3,6100,4,41,5,51,130,0
267,3.753999949,1,1,1,10,1,2,4,4,1,1,1,2,1,,,,,,,,1,1,1,1,1,1,,,,,,,,,,,,,,,,,,,,,,,,,,,,,,,,,,3,3,9999,,,7,70,185,72
268,11.26200008,2,2,7,40,2,1,9,,1,,,,,2,1,3,1,1,1,11,1,1,2,1,2,1,3,0,0,2,2,2,2,2,2,8,4,2,,,4,,,,,,,,,,,,,,,17,15,6,5,3,4,504,,,2,24,270,99
269,4.777999878,1,1,4,10,1,2,3,3,2,3,1,2,1,,,,12,1,1,11,1,1,1,1,1,1,2,6,0,1,1,2,2,1,2,5,1,1,2,K,1,5,10,2,7,14,3,1,1,,18,,18,18,,,,18,18,1,3,7900,6,62,4,42,130,0
270,2.486000061,1,1,1,10,1,1,9,9,1,,,2,2,,,,,,,,1,1,1,1,1,1,,,,,,,,,,,,,,,,,,,,,,,,,,,,,,,,,,1,3,9999,,,2,23,300,9
271,5.076000214,1,2,3,20,3,1,9,9,1,,,2,2,1,1,1,,1,,16,1,1,1,1,1,1,2,4,0,1,1,2,2,2,2,2,1,1,,,1,5,,3,8,17,,,3,,,,10,,,,,11,10,5,3,3000,8,81,1,11,120,0
272,1.957000017,1,1,6,20,1,1,9,9,1,,,2,2,2,,,7,1,1,11,1,1,1,1,1,1,2,4,0,1,1,2,2,2,2,3,1,1,7,J,1,5,,2,5,14,3,1,1,2,19,,19,19,,2,2,19,19,1,3,2640,,4,4,42,150,0
273,11.16699982,1,1,7,30,1,2,3,3,2,5,1,2,2,1,,,12,1,1,11,1,1,1,1,1,1,2,4,0,1,1,2,2,2,2,2,1,1,3,G,1,2,10,2,6,13,2,1,1,3,18,,19,18,,5,19,19,19,1,2,9999,,,4,42,185,20
274,11.14400005,1,2,6,30,1,1,9,1,2,,,2,2,1,1,2,7,1,1,11,1,1,2,1,1,1,2,5,0,1,1,2,2,2,2,2,2,1,2,J,4,1,,2,2,12,1,1,1,,2,,3,6,,20,19,11,14,2,1,8300,5,52,4,44,130,0
275,2.605000019,1,1,4,20,1,1,9,4,2,,,2,2,2,,,11,1,1,11,1,1,1,1,1,1,2,6,0,1,1,2,2,1,2,5,1,1,3,C,1,5,9,2,7,14,5,1,5,2,18,,18,18,,7,6,19,18,3,3,9999,,,7,70,185,72
276,3.345000029,1,1,1,10,1,1,9,9,1,,,2,2,,,,,,,,1,1,1,1,1,1,,,,,,,,,,,,,,,,,,,,,,,,,,,,,,,,,,5,3,3660,,,7,70,185,99
277,6.031000137,1,2,1,10,1,1,9,9,1,,,2,2,,,,,,,,,,,,,,,,,,,,,,,,,,,,,,,,,,,,,,,,,,,,,,,3,3,7100,4,42,6,61,140,0
278,4.887000084,1,2,4,20,1,1,9,2,2,,,2,2,2,1,2,,1,3,12,1,1,1,1,1,1,2,4,0,1,1,2,2,2,2,3,1,1,3,P,1,5,,2,3,14,1,1,1,3,11,,12,10,,,,13,12,2,3,2100,,,3,31,160,0
279,3.275000095,1,1,1,10,1,1,9,9,1,,,2,2,,,,,,,,1,1,1,1,1,1,,,,,,,,,,,,,,,,,,,,,,,,,,,,,,,,,,5,3,7400,6,61,4,41,130,0
280,8.015999794,1,2,5,10,1,1,9,1,2,,,2,2,,1,1,10,1,1,11,1,1,2,1,1,1,2,5,0,1,1,2,1,2,2,4,1,1,3,Q,1,5,8,3,8,17,,1,1,,11,,13,11,,2,2,16,15,1,4,6300,,1,5,51,150,0
281,3.260999918,1,2,1,10,1,1,9,9,1,,,2,2,,,,,,,,1,1,1,1,1,1,,,,,,,,,,,,,,,,,,,,,,,,,,,,,,,,,,5,3,2660,,2,4,44,150,0
282,2.648999929,1,1,4,20,1,1,9,4,2,,,2,2,1,,,,1,2,12,1,1,1,1,1,1,1,4,3,1,1,1,2,2,2,2,4,2,,,4,,,,,,,,,,,,3,,,9,7,6,5,5,3,2610,3,31,1,11,140,0
283,7.349999905,1,1,3,10,3,1,9,9,1,,,2,2,,,,12,2,,16,1,1,1,1,1,1,1,5,0,1,1,2,2,1,2,3,1,1,2,K,1,4,,2,5,14,1,1,13,4,17,,17,17,,,,18,17,1,2,5000,3,31,5,51,130,0
284,4.771999836,2,1,5,20,3,1,9,,1,,,,,2,,,5,1,1,11,1,1,1,1,1,1,2,4,0,1,1,2,2,2,2,3,1,1,4,G,1,5,9,3,8,17,,1,1,,3,,5,2,,7,6,6,5,2,5,5000,4,41,5,51,130,0
285,4.612999916,1,1,1,10,1,1,9,9,1,,,2,2,,,,,,,,,,,,,,,,,,,,,,,,,,,,,,,,,,,,,,,,,,,,,,,2,3,6800,,3,3,31,150,0
286,2.148999929,2,1,1,10,2,1,9,,1,,,,,,,,,,,,,,,,,,,,,,,,,,,,,,,,,,,,,,,,,,,,,,,,,,,3,3,531,,,2,24,260,0
287,5.854000092,1,1,1,10,1,1,9,2,2,,,2,2,,,,,,,,1,1,1,1,1,1,,,,,,,,,,,,,,,,,,,,,,,,,,,,,,,,,,2,3,7400,5,51,4,41,130,0
288,4.205999851,1,1,4,20,3,2,3,3,2,3,1,2,1,1,,,11,1,1,11,1,1,1,1,1,1,2,5,2,1,1,1,2,2,2,2,1,1,1,J,1,5,10,1,1,11,,1,,,20,,20,20,,8,6,20,20,5,3,7000,,4,4,43,150,0
289,3.405999899,1,2,3,20,1,1,9,2,2,,,2,2,1,1,2,11,1,1,11,1,1,1,1,1,1,1,6,1,1,1,1,2,1,2,5,1,1,2,P,1,5,,2,7,14,4,1,1,3,2,,3,2,,6,7,3,5,3,3,9999,,,7,70,185,76
290,9.020999908,1,1,3,10,3,1,9,9,1,,,2,2,,,,,1,8,14,1,1,1,1,1,1,2,4,0,1,1,2,2,2,2,3,1,1,2,J,1,5,,3,8,17,,2,1,4,,2,15,,2,,,16,15,1,1,5000,8,81,5,51,130,0
291,3.671000004,1,1,4,20,1,2,1,1,2,4,1,2,2,2,,,5,1,1,11,1,1,1,2,1,2,2,3,0,1,2,2,2,2,2,1,1,1,3,G,1,5,,2,,18,,1,2,3,17,,17,16,,8,6,18,17,2,3,6900,1,11,4,42,140,0
292,1.440000057,1,2,1,10,1,1,9,2,2,,,2,2,,,,,,,,,,,,,,,,,,,,,,,,,,,,,,,,,,,,,,,,,,,,,,,3,3,9999,,,7,70,300,72
293,3.361000061,1,1,4,20,1,1,9,9,1,,,2,2,2,,,,1,8,22,,,,,,2,2,5,2,1,1,1,2,1,2,5,1,1,2,J,1,5,9,2,7,23,5,1,3,3,19,,19,18,,,,19,19,5,2,9999,,,7,70,300,73
294,7.69299984,1,2,1,10,3,1,9,9,1,,,2,2,,,,,,,,1,1,1,1,1,1,,,,,,,,,,,,,,,,,,,,,,,,,,,,,,,,,,2,4,8500,,4,4,43,150,0
295,4.934000015,1,2,1,10,1,1,9,9,1,,,2,2,,,,,,,,1,1,1,1,1,1,,,,,,,,,,,,,,,,,,,,,,,,,,,,,,10,8,3,4,2,4,2630,,1,6,61,150,0
296,12.19099999,2,1,3,20,2,1,9,,2,,,,,2,,,6,1,1,11,1,1,1,1,1,1,2,4,0,1,1,2,2,2,2,2,1,1,6,A,1,5,10,2,,18,,1,1,,8,,9,7,,6,6,11,10,2,3,975,,,2,23,285,99
297,2.723999977,1,1,6,20,1,1,9,3,2,,,2,2,1,,,,1,4,13,1,1,1,1,1,1,2,5,0,1,1,2,2,1,2,5,1,1,1,H,1,5,10,2,3,14,3,1,1,1,20,,20,20,,,,20,20,2,5,9999,,,1,11,300,26
298,1,1,2,3,20,1,1,9,9,1,,,2,2,1,1,2,11,1,1,21,1,1,1,1,1,1,2,6,0,1,1,2,2,1,2,6,1,1,2,Q,1,5,9,2,5,26,2,1,1,3,9,,11,8,,,,12,11,6,3,9999,,,7,70,300,75
299,1.486999989,1,1,1,10,1,1,9,9,1,,,2,2,,,,,,,,1,1,1,1,1,1,,,,,,,,,,,,,,,,,,,,,,,,,,,,,,,,,,3,3,9999,,,7,70,185,76
300,2.407999992,1,2,1,10,1,1,9,9,1,,,2,2,,,,,,,,1,1,1,1,1,1,,,,,,,,,,,,,,,,,,,,,,,,,,,,,,,,,,5,3,3797,,4,7,70,150,0