SEMEL_YISHUV,CITY_NAME,ROVA,TAT_ROVA,N_COMMUTERS,Private car - driver,Private car - passenger,Public bus,Light rail / metro,Employer transport,Israel Railways,Service taxi,Special taxi,Motorcycle / moped,Bicycle,Walking,Truck,Other vehicle
70,"ASHDOD",1,12,5025,29.976,5.108,20.655,0.0,23.329,0.438,3.875,0.601,0.644,1.561,12.928,0.531,0.355
70,"ASHDOD",1,13,3216,22.766,6.929,25.064,0.0,25.871,0.0,2.096,0.0,0.0,0.241,15.815,0.281,0.936
70,"ASHDOD",1,14,3664,15.042,2.45,30.289,0.0,24.46,0.735,2.704,0.218,0.225,0.877,23.0,0.0,0.0
70,"ASHDOD",2,21,2319,11.926,4.112,24.895,0.0,16.026,0.687,0.88,0.92,0.0,0.645,39.077,0.0,0.833
70,"ASHDOD",2,22,3989,23.389,4.752,37.189,0.0,21.9,0.246,1.894,0.439,0.0,0.0,9.728,0.0,0.462
70,"ASHDOD",2,23,5862,36.33,4.688,22.455,0.0,19.411,0.137,1.622,0.796,0.165,0.0,13.589,0.0,0.808
70,"ASHDOD",2,24,5496,41.991,1.441,21.125,0.0,18.323,0.546,2.468,0.71,0.763,0.12,10.965,1.063,0.486
70,"ASHDOD",3,31,8802,50.989,5.128,15.318,0.0,15.958,0.879,0.877,0.169,0.092,0.358,10.232,0.0,0.0
70,"ASHDOD",3,32,4165,25.345,3.851,35.757,0.0,22.883,0.583,2.406,0.129,0.0,0.464,7.925,0.198,0.459
70,"ASHDOD",3,33,3968,41.865,5.483,20.429,0.0,22.095,0.885,0.276,0.361,0.0,0.0,7.699,0.0,0.907
70,"ASHDOD",3,34,4049,42.35,2.98,24.568,0.0,20.9,0.945,0.964,0.0,0.383,0.0,6.128,0.0,0.781
70,"ASHDOD",4,41,5710,39.805,5.311,23.135,0.0,21.224,0.868,2.175,0.0,0.304,0.197,5.96,0.418,0.603
70,"ASHDOD",4,42,13593,54.711,4.167,15.036,0.0,15.511,1.114,2.683,0.178,0.338,0.148,5.617,0.105,0.391
70,"ASHDOD",4,43,5597,65.661,6.381,10.485,0.0,11.138,1.677,0.203,0.447,0.724,0.161,3.048,0.0,0.076
3000,"JERUSALEM",1,11,4562,21.216,4.268,60.198,0.0,5.669,0.0,0.0,0.309,0.306,0.0,7.55,0.0,0.483
3000,"JERUSALEM",1,12,7945,48.298,4.799,35.433,0.0,5.601,0.0,0.094,0.0,0.945,0.0,4.831,0.0,0.0
3000,"JERUSALEM",1,13,9341,59.241,3.362,28.056,0.0,4.242,0.0,0.0,0.135,1.078,0.075,3.738,0.0,0.073
3000,"JERUSALEM",4,41,2221,23.809,2.709,57.38,0.0,3.519,0.0,0.869,0.0,0.0,0.0,11.384,0.0,0.331
3000,"JERUSALEM",4,42,4445,32.731,3.5,49.167,0.0,3.52,0.0,0.0,0.678,0.318,0.0,8.729,0.0,1.357
3000,"JERUSALEM",4,43,4928,51.323,4.101,34.424,0.0,1.693,0.0,0.0,0.193,0.909,0.0,5.685,0.0,1.673
3000,"JERUSALEM",5,51,1676,9.829,0.298,49.297,0.0,3.956,0.0,0.634,1.394,0.569,0.0,32.507,0.0,1.515
3000,"JERUSALEM",5,52,1743,27.363,3.572,42.28,0.0,4.393,0.0,0.431,2.562,0.0,0.396,17.401,0.0,1.601
3000,"JERUSALEM",5,53,1577,17.005,4.126,48.328,0.0,4.031,0.0,0.927,0.0,0.0,0.0,25.263,0.0,0.32
3000,"JERUSALEM",5,54,3967,45.642,5.407,32.542,0.0,2.065,0.0,0.417,0.947,0.469,0.247,11.603,0.0,0.661
3000,"JERUSALEM",8,81,312,25.487,1.68,41.196,0.0,0.0,0.0,0.0,4.472,0.0,0.0,27.166,0.0,0.0
3000,"JERUSALEM",8,82,2276,7.484,1.788,41.245,0.0,1.428,0.0,0.0,0.0,0.592,0.265,47.199,0.0,0.0
3000,"JERUSALEM",8,83,2138,9.862,2.827,43.163,0.0,2.614,0.0,0.0,0.0,0.0,0.346,40.248,0.0,0.94
3000,"JERUSALEM",8,84,3038,13.528,1.353,34.719,0.0,2.158,0.0,0.598,0.542,1.03,1.488,44.582,0.0,0.0
3000,"JERUSALEM",8,85,3979,27.328,2.438,31.704,0.0,3.107,0.0,0.333,0.652,2.35,2.51,29.449,0.0,0.129
3000,"JERUSALEM",8,86,3150,42.497,1.973,21.842,0.0,2.501,0.0,0.348,1.317,2.481,1.392,24.557,0.0,1.093
3000,"JERUSALEM",9,91,2812,11.228,1.101,49.372,0.0,1.644,0.0,0.446,1.718,0.276,0.286,33.147,0.0,0.782
3000,"JERUSALEM",9,92,2138,33.107,2.315,39.092,0.0,2.037,0.0,1.011,0.337,0.0,0.395,19.793,0.0,1.913
3000,"JERUSALEM",9,93,3458,35.505,5.648,41.33,0.0,1.561,0.0,0.399,1.098,0.401,0.909,12.966,0.0,0.184
3000,"JERUSALEM",10,101,9646,49.539,3.908,26.967,0.0,1.348,0.0,0.11,0.677,1.779,1.203,13.605,0.0,0.863
3000,"JERUSALEM",10,102,751,61.898,1.337,15.317,0.0,2.006,0.0,0.0,0.899,0.0,2.707,15.167,0.0,0.669
3000,"JERUSALEM",10,103,3720,29.247,3.69,39.846,0.0,2.268,0.0,0.309,1.862,1.25,0.0,20.534,0.0,0.994
3000,"JERUSALEM",10,104,3790,68.033,5.45,17.16,0.0,1.517,0.181,0.0,0.33,0.856,0.315,4.908,0.0,1.248
3000,"JERUSALEM",11,111,683,59.479,7.055,14.768,0.0,6.013,0.0,0.0,0.0,0.0,1.252,10.705,0.0,0.729
3000,"JERUSALEM",11,112,4651,45.991,3.584,38.112,0.0,2.545,0.0,0.0,0.413,1.399,1.951,5.391,0.613,0.0
3000,"JERUSALEM",11,113,4979,43.879,2.749,40.039,0.0,3.524,0.101,0.0,0.5,2.543,0.468,4.726,0.0,1.471
3000,"JERUSALEM",11,114,7337,56.864,3.816,30.864,0.0,2.347,0.106,0.0,0.225,1.066,0.514,3.314,0.274,0.611
3000,"JERUSALEM",12,121,10179,39.595,3.44,37.282,0.0,4.363,0.047,0.082,0.72,1.574,1.51,11.141,0.096,0.15
3000,"JERUSALEM",12,122,5405,51.419,3.067,29.969,0.0,1.556,0.289,0.125,0.615,1.988,1.582,9.285,0.0,0.105
3000,"JERUSALEM",13,131,4422,51.844,4.603,20.008,0.0,0.398,0.24,0.204,1.529,1.871,1.791,16.846,0.0,0.667
3000,"JERUSALEM",13,132,1383,31.01,1.022,24.093,0.0,1.681,1.062,2.214,1.161,0.484,2.29,31.895,0.0,3.089
3000,"JERUSALEM",13,133,4033,50.89,2.494,19.675,0.0,1.241,0.276,0.373,0.492,1.904,1.758,19.611,0.0,1.286
3000,"JERUSALEM",13,134,5301,54.956,4.145,22.417,0.0,1.659,0.157,0.0,0.409,1.149,1.923,12.69,0.0,0.493
3000,"JERUSALEM",13,135,6563,55.213,2.699,31.996,0.0,2.815,0.213,0.463,0.628,1.503,0.643,2.927,0.0,0.9
4000,"HAIFA",1,11,1680,43.176,4.578,14.751,0.0,11.495,6.14,3.154,0.622,0.341,0.498,15.245,0.0,0.0
4000,"HAIFA",1,12,4026,39.526,3.55,32.778,0.0,12.345,2.977,0.851,0.697,0.0,1.042,6.235,0.0,0.0
4000,"HAIFA",1,13,8587,59.734,3.153,12.511,0.0,11.671,2.335,2.175,0.275,0.223,0.423,7.211,0.11,0.181
4000,"HAIFA",3,31,765,18.36,1.229,44.781,0.0,8.867,0.46,1.107,0.0,1.594,0.438,22.071,0.62,0.472
4000,"HAIFA",3,33,3227,37.472,3.078,30.724,0.0,5.507,1.397,2.158,0.0,0.227,0.0,19.087,0.0,0.35
4000,"HAIFA",4,41,7551,34.23,3.755,37.078,0.0,6.65,1.433,1.703,0.08,0.584,0.267,13.616,0.25,0.354
4000,"HAIFA",4,42,9205,38.99,1.83,43.724,0.0,7.855,0.922,1.551,0.186,0.686,0.0,3.527,0.249,0.481
4000,"HAIFA",5,51,6318,75.088,2.533,9.748,0.0,3.338,1.031,1.542,0.108,0.453,0.0,6.158,0.0,0.0
4000,"HAIFA",5,52,9244,62.44,2.869,18.889,0.0,4.834,0.68,0.617,0.442,0.944,0.082,7.993,0.21,0.0
4000,"HAIFA",5,53,4743,68.955,3.052,18.243,0.0,4.998,0.177,0.0,0.182,0.167,0.0,3.891,0.13,0.205
4000,"HAIFA",6,61,3270,39.922,2.595,34.104,0.0,5.416,2.806,2.604,0.0,0.561,0.0,11.991,0.0,0.0
4000,"HAIFA",6,62,4137,31.161,2.385,39.191,0.0,7.22,1.131,2.753,0.0,1.363,0.23,14.209,0.0,0.357
4000,"HAIFA",6,63,3135,22.318,3.065,45.353,0.0,4.831,0.429,3.856,0.0,0.743,0.0,19.405,0.0,0.0
4000,"HAIFA",6,64,2392,20.499,0.959,31.538,0.0,8.381,0.266,3.368,0.923,0.0,0.0,33.116,0.0,0.95
4000,"HAIFA",7,71,6564,41.299,2.114,44.173,0.0,5.447,0.38,1.267,0.477,0.047,0.128,4.39,0.0,0.279
4000,"HAIFA",7,72,4743,49.44,2.757,29.315,0.0,8.341,0.711,1.77,0.179,0.386,0.0,7.1,0.0,0.0
4000,"HAIFA",7,73,4420,41.64,3.172,37.573,0.0,6.961,0.716,1.699,0.878,0.27,0.267,6.365,0.0,0.459
4000,"HAIFA",8,81,3343,51.506,3.664,20.633,0.0,11.172,0.0,0.602,0.86,0.891,0.15,10.208,0.0,0.315
4000,"HAIFA",8,82,5448,60.477,3.38,22.334,0.0,8.126,0.124,0.258,0.198,0.849,0.481,3.623,0.0,0.149
4000,"HAIFA",9,91,3345,71.141,2.901,14.107,0.0,5.718,1.78,0.488,0.216,0.73,0.411,2.509,0.0,0.0
4000,"HAIFA",9,92,2571,74.554,2.641,8.841,0.0,4.566,1.295,0.728,0.0,0.618,0.608,6.147,0.0,0.0
4000,"HAIFA",9,93,6822,75.902,2.651,8.16,0.0,4.615,1.204,0.128,0.36,0.693,0.118,5.451,0.0,0.719
4000,"HAIFA",9,94,5241,84.614,1.41,4.267,0.0,2.57,0.112,0.127,0.106,0.592,0.314,2.588,0.0,3.301
5000,"TEL AVIV - YAFO",1,11,8136,78.397,3.122,6.808,0.0,1.194,0.633,0.6,1.185,3.526,0.199,3.661,0.0,0.675
5000,"TEL AVIV - YAFO",1,12,9392,73.241,1.935,10.433,0.0,1.007,0.279,0.391,0.802,2.935,1.112,7.696,0.0,0.169
5000,"TEL AVIV - YAFO",1,13,5945,61.269,3.091,14.112,0.0,1.8,1.299,0.928,1.096,2.583,1.48,12.198,0.0,0.145
5000,"TEL AVIV - YAFO",2,21,10582,77.373,2.124,9.19,0.0,1.021,0.476,0.077,0.846,3.379,0.984,4.447,0.0,0.084
5000,"TEL AVIV - YAFO",2,22,6717,68.825,2.389,13.641,0.0,0.886,0.304,0.294,0.548,3.563,0.219,9.177,0.0,0.153
5000,"TEL AVIV - YAFO",2,23,4026,76.787,1.791,6.001,0.0,1.068,0.168,0.0,0.376,4.295,0.876,8.64,0.0,0.0
5000,"TEL AVIV - YAFO",3,31,10230,42.4,1.724,21.036,0.0,2.78,0.538,1.788,1.336,8.141,6.288,13.73,0.0,0.238
5000,"TEL AVIV - YAFO",3,32,9755,36.297,2.446,26.264,0.0,2.505,0.76,2.4,1.675,8.376,5.809,13.18,0.0,0.289
5000,"TEL AVIV - YAFO",3,33,6924,33.637,1.849,23.275,0.0,2.241,0.252,4.087,2.151,6.668,4.499,19.029,0.0,2.313
5000,"TEL AVIV - YAFO",3,34,12158,33.048,1.865,22.747,0.0,2.46,1.151,1.158,1.575,8.396,5.678,21.086,0.0,0.836
5000,"TEL AVIV - YAFO",4,41,10245,62.48,2.124,11.683,0.0,1.604,0.618,3.477,1.17,6.023,3.235,7.166,0.0,0.421
5000,"TEL AVIV - YAFO",4,42,6377,61.01,1.551,13.214,0.0,1.251,1.634,0.749,2.072,4.819,1.635,11.951,0.0,0.113
5000,"TEL AVIV - YAFO",4,43,5837,47.508,0.315,14.841,0.0,1.04,1.314,0.782,1.511,5.869,4.17,17.999,0.0,4.651
5000,"TEL AVIV - YAFO",5,51,11193,34.016,1.672,19.864,0.0,1.307,0.413,1.854,1.528,8.716,6.433,24.114,0.0,0.082
5000,"TEL AVIV - YAFO",5,52,2970,27.176,2.002,19.767,0.0,0.744,0.569,4.574,1.776,8.732,8.771,25.318,0.0,0.571
5000,"TEL AVIV - YAFO",5,53,1839,44.391,6.358,7.86,0.0,0.514,0.0,0.0,0.612,9.272,4.236,26.757,0.0,0.0
5000,"TEL AVIV - YAFO",5,54,3256,30.714,4.097,17.61,0.0,1.388,0.0,1.318,1.987,8.741,7.148,24.889,0.0,2.108
5000,"TEL AVIV - YAFO",5,55,3402,36.09,2.235,15.473,0.0,1.96,0.685,3.521,1.674,7.102,6.571,22.913,0.0,1.776
5000,"TEL AVIV - YAFO",6,61,3106,41.019,2.887,16.434,0.0,0.749,1.308,2.157,1.72,6.909,5.157,20.522,0.0,1.138
5000,"TEL AVIV - YAFO",7,71,2261,39.405,1.488,19.633,0.0,3.078,0.0,0.732,0.99,9.325,5.232,18.999,0.0,1.118
5000,"TEL AVIV - YAFO",7,72,1893,41.082,6.667,23.182,0.0,0.473,0.584,0.0,0.486,4.041,5.009,18.475,0.0,0.0
5000,"TEL AVIV - YAFO",7,73,4930,33.352,4.546,41.483,0.0,3.266,0.59,0.0,0.533,4.777,1.519,9.754,0.178,0.0
5000,"TEL AVIV - YAFO",7,74,8916,28.995,6.854,49.193,0.0,2.27,0.0,0.0,0.101,3.1,2.81,6.677,0.0,0.0
5000,"TEL AVIV - YAFO",8,81,7188,21.451,0.862,35.812,0.0,1.485,0.707,1.293,0.799,7.746,9.11,20.736,0.0,0.0
5000,"TEL AVIV - YAFO",8,82,4461,22.3,4.321,46.351,0.0,1.749,0.0,3.377,0.726,3.423,5.52,11.214,0.0,1.02
5000,"TEL AVIV - YAFO",8,83,3036,33.931,3.45,42.263,0.0,1.956,0.303,1.0,0.0,6.379,2.977,7.023,0.72,0.0
5000,"TEL AVIV - YAFO",9,91,5966,49.278,3.036,17.061,0.0,1.794,0.58,0.131,1.232,7.536,1.85,17.501,0.0,0.0
5000,"TEL AVIV - YAFO",9,92,10095,40.037,2.419,33.57,0.0,2.637,0.537,0.291,0.392,7.471,1.668,10.45,0.0,0.529
5000,"TEL AVIV - YAFO",9,93,8167,29.272,4.478,45.31,0.0,3.102,1.702,0.611,0.0,5.899,1.68,7.946,0.0,0.0
5000,"TEL AVIV - YAFO",9,94,11326,45.27,2.067,36.473,0.0,3.503,0.315,0.473,0.155,5.356,0.526,5.663,0.067,0.134
6100,"BENE BERAQ",1,11,3493,24.317,3.083,47.113,0.0,6.62,0.0,0.243,0.0,1.777,0.907,15.862,0.0,0.078
6100,"BENE BERAQ",1,12,4920,25.679,1.908,44.925,0.0,3.789,0.222,1.077,0.0,2.638,1.379,18.124,0.0,0.259
6100,"BENE BERAQ",2,21,2834,10.267,5.424,36.625,0.0,6.624,0.0,0.29,0.656,0.544,0.778,38.29,0.277,0.224
6100,"BENE BERAQ",2,22,2906,17.474,1.515,36.91,0.0,9.605,0.0,1.34,0.753,1.659,0.483,30.261,0.0,0.0
6100,"BENE BERAQ",2,23,4578,25.423,2.718,36.279,0.0,7.461,0.44,1.084,0.801,1.796,0.751,22.861,0.0,0.387
6100,"BENE BERAQ",3,31,4560,30.849,2.749,30.281,0.0,5.726,0.303,0.11,0.213,1.77,0.46,26.979,0.0,0.558
6100,"BENE BERAQ",3,32,2542,10.741,1.922,35.872,0.0,7.234,0.0,0.922,0.0,0.0,0.286,42.131,0.338,0.553
6100,"BENE BERAQ",4,41,3267,12.334,2.728,35.172,0.0,8.335,0.0,0.724,0.241,0.888,0.447,38.974,0.0,0.156
6100,"BENE BERAQ",4,42,4325,15.109,2.038,41.221,0.0,5.977,0.0,0.308,0.485,1.177,0.37,32.74,0.0,0.574
6200,"BAT YAM",1,11,8419,34.454,3.353,43.616,0.0,4.98,0.0,0.133,0.248,1.608,0.692,10.169,0.089,0.657
6200,"BAT YAM",2,21,8516,43.449,4.142,35.864,0.0,4.583,0.0,0.0,0.202,2.704,0.503,8.209,0.0,0.344
6200,"BAT YAM",2,22,7739,35.633,3.293,44.715,0.0,5.094,0.0,0.303,0.368,2.579,0.509,7.221,0.108,0.177
6200,"BAT YAM",3,31,8864,38.714,2.479,41.475,0.0,4.235,0.21,0.086,0.437,2.649,0.195,8.608,0.255,0.656
6200,"BAT YAM",3,32,4034,34.086,2.655,45.597,0.0,6.49,0.176,0.0,0.418,3.208,0.762,6.609,0.0,0.0
6200,"BAT YAM",4,41,5219,37.135,3.115,44.08,0.0,5.281,0.219,0.0,0.307,2.592,1.294,5.537,0.141,0.299
6200,"BAT YAM",4,42,4826,30.718,3.182,52.174,0.0,2.708,0.157,0.0,0.466,2.139,0.745,7.342,0.0,0.369
6200,"BAT YAM",5,51,5393,40.765,5.44,39.63,0.0,3.883,0.0,0.0,0.0,2.089,0.12,7.769,0.15,0.154
6200,"BAT YAM",5,52,5524,43.629,5.62,36.378,0.0,5.288,0.269,0.0,0.163,1.804,0.271,6.462,0.0,0.114
6600,"HOLON",2,21,10712,52.44,1.584,32.03,0.0,4.879,0.062,0.183,0.536,1.792,0.248,5.548,0.0,0.698
6600,"HOLON",2,22,6272,53.315,3.101,27.062,0.0,5.28,0.0,0.108,0.123,3.194,0.978,6.146,0.527,0.168
6600,"HOLON",3,31,5180,51.66,3.709,26.825,0.0,2.616,0.0,0.131,0.155,4.678,1.231,8.627,0.205,0.164
6600,"HOLON",3,32,6596,49.129,4.593,26.063,0.0,3.206,0.258,0.3,1.033,3.171,0.323,11.012,0.117,0.793
6600,"HOLON",3,33,6267,52.184,1.424,30.118,0.0,3.862,0.113,0.122,0.065,2.948,0.629,8.397,0.0,0.139
6600,"HOLON",4,41,8389,69.074,2.898,14.356,0.0,3.777,0.0,0.0,0.237,2.851,0.169,5.469,0.0,1.167
6600,"HOLON",4,42,9220,59.377,3.986,20.665,0.0,4.851,0.179,0.063,0.17,3.754,0.406,6.128,0.0,0.42
6600,"HOLON",5,51,4573,33.838,1.44,43.17,0.0,9.482,0.0,0.186,0.579,3.04,1.522,6.743,0.0,0.0
6600,"HOLON",5,52,5232,61.261,2.305,19.833,0.0,4.002,0.177,0.168,0.0,4.24,0.624,7.064,0.15,0.176
6600,"HOLON",6,61,7606,46.364,3.57,33.017,0.0,5.116,0.0,0.11,0.411,1.863,0.985,8.455,0.0,0.11
6600,"HOLON",6,62,10768,44.846,3.577,36.903,0.0,3.616,0.0,0.169,0.258,3.057,0.595,6.979,0.0,0.0
7100,"ASHQELON",1,11,5837,64.299,6.088,11.663,0.0,13.255,0.568,0.145,0.0,0.274,0.229,2.496,0.149,0.835
7100,"ASHQELON",1,12,8330,61.536,5.562,10.794,0.0,12.838,0.613,0.231,0.126,0.192,0.0,7.328,0.0,0.78
7100,"ASHQELON",2,21,10082,46.318,4.055,15.767,0.0,21.096,1.719,0.24,0.232,0.264,0.27,9.457,0.088,0.495
7100,"ASHQELON",2,22,5597,38.355,6.824,17.929,0.0,27.974,1.099,0.4,0.0,0.108,0.304,7.007,0.0,0.0
7100,"ASHQELON",3,31,6736,22.896,4.401,28.51,0.0,31.535,0.34,0.0,0.0,0.0,0.0,12.009,0.0,0.308
7100,"ASHQELON",3,32,5525,34.47,3.973,25.213,0.0,25.868,0.38,1.067,0.685,0.364,0.0,7.695,0.0,0.285
7400,"NETANYA",1,11,11103,68.006,3.968,13.052,0.0,3.62,2.836,1.093,0.0,1.732,0.79,3.965,0.163,0.775
7400,"NETANYA",2,21,4203,37.953,2.34,26.461,0.0,10.271,0.315,5.886,0.238,0.526,2.116,13.625,0.0,0.27
7400,"NETANYA",2,22,2840,45.679,5.596,11.628,0.0,8.521,0.118,9.017,0.092,3.454,0.0,15.414,0.481,0.0
7400,"NETANYA",2,23,4847,36.406,2.828,13.345,0.0,11.163,1.673,14.872,0.0,1.026,0.33,17.145,0.228,0.982
7400,"NETANYA",2,24,4978,43.796,2.742,14.866,0.0,8.566,2.183,12.84,0.0,0.78,0.936,13.119,0.0,0.172
7400,"NETANYA",3,31,3268,22.304,3.241,16.834,0.0,10.742,0.702,15.363,0.765,0.239,2.081,27.399,0.0,0.33
7400,"NETANYA",3,32,4123,40.906,3.165,10.411,0.0,6.438,2.198,7.721,1.041,0.594,0.0,26.911,0.0,0.616
7400,"NETANYA",3,33,4400,33.65,2.196,22.623,0.0,10.569,1.488,7.134,0.172,0.265,0.587,20.364,0.138,0.814
7400,"NETANYA",3,34,4505,45.16,4.757,17.562,0.0,8.672,0.715,9.31,0.364,0.477,0.757,12.228,0.0,0.0
7400,"NETANYA",3,35,6952,46.859,3.373,21.956,0.0,7.868,1.273,7.092,0.315,0.891,0.516,8.031,0.145,1.68
7400,"NETANYA",4,41,2306,54.239,2.644,18.241,0.0,8.632,1.106,11.594,0.0,0.452,0.0,2.838,0.0,0.255
7400,"NETANYA",4,42,3167,25.943,2.724,35.67,0.0,17.498,0.0,12.209,0.0,0.0,0.0,5.506,0.45,0.0
7400,"NETANYA",4,43,2910,29.634,5.052,36.29,0.0,12.028,0.431,7.979,0.0,1.095,0.0,7.063,0.0,0.429
7400,"NETANYA",5,51,4008,33.891,2.38,32.598,0.0,13.458,0.846,10.597,0.0,0.452,0.726,4.593,0.0,0.459
7400,"NETANYA",5,52,5648,43.084,4.26,23.942,0.0,11.412,0.622,10.552,0.281,0.636,0.0,4.494,0.534,0.182
7400,"NETANYA",5,53,4577,75.544,2.057,5.199,0.0,3.083,3.56,5.554,0.143,1.241,0.191,3.427,0.0,0.0
7900,"PETAH TIQWA",1,11,10045,53.407,3.33,23.751,0.0,5.57,0.661,1.925,0.136,1.613,0.698,8.69,0.0,0.219
7900,"PETAH TIQWA",1,12,7328,78.019,3.714,8.308,0.0,2.22,0.372,0.079,0.1,2.88,0.436,3.675,0.0,0.198
7900,"PETAH TIQWA",1,13,4129,58.087,2.188,15.41,0.0,2.591,0.488,0.453,0.157,1.782,0.13,18.01,0.455,0.248
7900,"PETAH TIQWA",1,14,6528,42.145,1.967,35.544,0.0,5.387,0.22,1.062,0.104,1.731,0.931,10.307,0.0,0.602
7900,"PETAH TIQWA",2,21,6531,81.688,4.064,5.893,0.0,2.808,0.126,0.183,0.406,1.787,0.0,2.548,0.236,0.261
7900,"PETAH TIQWA",2,22,5841,68.542,3.841,17.037,0.0,2.477,0.136,0.0,0.347,2.416,0.536,4.667,0.0,0.0
7900,"PETAH TIQWA",2,23,9247,47.514,3.884,27.463,0.0,4.97,0.23,0.82,0.463,1.569,0.631,12.31,0.0,0.146
7900,"PETAH TIQWA",3,31,6992,27.371,1.905,41.172,0.0,7.156,0.104,4.193,0.227,0.804,0.942,15.549,0.0,0.577
7900,"PETAH TIQWA",3,32,6727,43.535,2.098,32.273,0.0,4.543,0.293,2.227,0.44,1.268,0.317,13.007,0.0,0.0
7900,"PETAH TIQWA",4,41,6169,43.974,4.179,31.475,0.0,6.6,0.0,0.094,0.815,2.51,0.676,9.569,0.0,0.109
7900,"PETAH TIQWA",4,42,6413,53.577,6.028,24.157,0.0,4.88,0.111,0.498,0.981,2.511,0.958,5.932,0.133,0.234
7900,"PETAH TIQWA",4,43,4748,51.236,3.255,28.478,0.0,4.829,0.0,1.107,0.369,1.23,0.587,8.481,0.087,0.34
7900,"PETAH TIQWA",5,51,4310,39.165,2.887,42.33,0.0,2.927,0.771,0.286,1.059,1.232,1.148,7.764,0.168,0.262
7900,"PETAH TIQWA",5,52,6582,50.961,4.366,27.796,0.0,5.083,0.732,1.43,0.148,1.396,0.371,6.504,0.288,0.924
8300,"RISHON LEZIYYON",1,11,10418,50.352,3.174,25.474,0.0,8.11,0.263,3.302,0.215,0.665,0.684,7.326,0.104,0.331
8300,"RISHON LEZIYYON",1,12,10716,46.74,2.509,27.652,0.0,8.508,0.441,2.155,0.139,1.177,0.228,9.82,0.164,0.466
8300,"RISHON LEZIYYON",2,21,10598,64.643,4.53,14.571,0.0,5.877,2.255,0.818,0.506,1.584,0.158,4.575,0.268,0.216
8300,"RISHON LEZIYYON",2,22,9131,55.418,3.155,21.908,0.0,6.078,0.83,0.995,0.689,0.655,0.071,9.481,0.527,0.194
8300,"RISHON LEZIYYON",3,31,9729,49.518,3.368,27.02,0.0,5.595,0.195,1.138,0.203,1.275,0.56,10.432,0.174,0.522
8300,"RISHON LEZIYYON",4,41,5160,62.486,2.575,17.227,0.0,4.425,0.351,0.331,0.1,0.993,0.33,11.184,0.0,0.0
8300,"RISHON LEZIYYON",4,42,11951,55.989,4.495,21.338,0.0,5.745,1.018,0.967,0.197,1.179,0.47,8.276,0.327,0.0
8300,"RISHON LEZIYYON",5,51,8973,56.13,2.941,24.496,0.0,4.181,0.086,0.339,0.614,1.736,0.525,8.75,0.116,0.086
8300,"RISHON LEZIYYON",5,52,6506,66.37,3.523,19.349,0.0,2.971,0.0,0.38,0.58,1.724,0.209,4.513,0.38,0.0
8300,"RISHON LEZIYYON",5,53,9257,70.494,4.256,15.265,0.0,4.076,0.315,0.0,0.387,2.183,0.527,2.39,0.05,0.058
8300,"RISHON LEZIYYON",6,61,10350,74.481,4.011,13.116,0.0,2.759,0.081,0.0,0.625,1.445,0.189,2.906,0.119,0.266
8300,"RISHON LEZIYYON",6,62,3300,67.663,3.551,17.934,0.0,2.585,0.308,1.663,0.0,3.69,0.0,2.052,0.267,0.287
8400,"REHOVOT",1,11,8079,47.664,3.022,11.267,0.0,8.299,2.875,3.371,0.539,0.695,1.638,20.63,0.0,0.0
8400,"REHOVOT",1,12,4616,54.898,5.012,14.71,0.0,5.88,1.994,1.806,0.421,0.762,1.37,13.146,0.0,0.0
8400,"REHOVOT",2,21,5143,59.969,5.221,15.693,0.0,6.657,2.207,0.483,0.122,0.335,1.009,7.777,0.0,0.526
8400,"REHOVOT",2,22,3016,49.794,3.506,26.17,0.0,11.815,0.209,0.856,0.0,0.0,0.655,5.392,0.346,1.257
8400,"REHOVOT",2,23,2692,50.283,4.456,22.877,0.0,8.426,0.858,2.157,0.0,0.605,0.0,10.339,0.0,0.0
8400,"REHOVOT",3,31,3470,57.75,3.131,21.247,0.0,9.192,0.846,2.288,0.222,1.246,1.197,2.719,0.0,0.161
8400,"REHOVOT",3,32,4144,49.059,4.699,23.369,0.0,9.596,0.963,1.426,0.4,1.127,0.506,8.356,0.275,0.223
8400,"REHOVOT",4,41,7404,48.521,2.779,15.204,0.0,7.194,1.858,1.368,0.184,0.858,0.983,20.436,0.0,0.614
8400,"REHOVOT",4,42,4812,58.337,3.597,17.464,0.0,5.126,2.287,0.449,0.285,1.723,1.74,8.315,0.271,0.408
8400,"REHOVOT",4,43,4170,48.721,2.822,24.498,0.0,9.707,0.604,0.239,0.534,1.009,0.962,9.519,0.387,0.999
8600,"RAMAT GAN",1,11,8783,50.143,1.828,26.352,0.0,2.42,0.324,0.89,0.834,4.579,1.687,10.453,0.145,0.346
8600,"RAMAT GAN",1,12,5071,48.147,2.941,21.602,0.0,1.386,1.133,1.556,0.482,6.939,1.484,14.173,0.0,0.157
8600,"RAMAT GAN",1,13,14784,44.878,2.342,29.165,0.0,1.98,1.138,1.012,0.578,5.307,0.93,12.442,0.055,0.174
8600,"RAMAT GAN",2,21,10323,53.663,3.126,25.301,0.0,2.342,0.087,0.0,0.609,6.53,0.759,7.394,0.0,0.19
8600,"RAMAT GAN",2,22,8722,61.353,2.875,18.028,0.0,2.706,0.379,0.0,0.58,6.663,0.517,6.815,0.0,0.085
8600,"RAMAT GAN",3,31,5850,63.208,1.861,20.655,0.0,1.272,0.0,0.0,0.335,4.701,1.422,6.472,0.0,0.073
8600,"RAMAT GAN",3,32,7938,57.607,2.545,23.885,0.0,2.026,0.0,0.0,0.0,4.879,1.203,7.553,0.0,0.302
8600,"RAMAT GAN",4,41,7061,64.417,2.124,18.018,0.0,2.35,0.104,0.447,0.316,3.914,0.648,7.66,0.0,0.0
9000,"BE'ER SHEVA",1,11,1925,16.672,4.98,42.018,0.0,24.771,0.0,0.0,0.512,0.0,0.0,10.729,0.317,0.0
9000,"BE'ER SHEVA",1,12,2085,16.156,14.545,36.011,0.0,12.379,0.384,0.0,0.811,0.449,0.849,18.201,0.0,0.216
9000,"BE'ER SHEVA",1,13,2443,20.919,6.72,34.6,0.0,13.255,0.243,0.0,0.24,0.477,2.672,20.382,0.0,0.49
9000,"BE'ER SHEVA",2,21,10371,33.239,5.162,28.068,0.0,26.427,0.454,0.147,0.556,0.154,0.498,4.916,0.0,0.381
9000,"BE'ER SHEVA",2,22,5638,26.789,2.424,33.433,0.0,26.319,0.727,0.0,1.19,0.543,0.571,7.65,0.241,0.113
9000,"BE'ER SHEVA",3,31,6494,41.903,6.402,21.846,0.0,23.401,0.237,0.36,1.399,0.292,0.277,3.675,0.0,0.208
9000,"BE'ER SHEVA",4,41,10444,48.043,5.843,15.658,0.0,23.675,0.22,0.569,0.776,0.569,0.135,4.364,0.059,0.089
9000,"BE'ER SHEVA",4,42,7002,51.341,6.64,15.829,0.0,18.059,0.846,0.303,1.684,0.425,0.163,4.711,0.0,0.0
9000,"BE'ER SHEVA",4,43,4313,30.316,6.875,31.987,0.0,20.936,0.229,0.547,1.541,0.383,0.746,6.268,0.0,0.172
9000,"BE'ER SHEVA",5,51,3554,29.97,5.389,24.744,0.0,21.105,0.202,0.335,0.852,0.384,0.548,16.471,0.0,0.0
9000,"BE'ER SHEVA",5,52,3410,33.419,11.381,24.361,0.0,13.68,0.0,0.672,0.686,0.673,0.242,14.887,0.0,0.0
9000,"BE'ER SHEVA",6,61,5756,46.398,5.758,17.872,0.0,18.811,0.263,0.232,0.23,0.491,0.737,8.579,0.0,0.629
9000,"BE'ER SHEVA",6,63,4765,26.584,5.925,22.116,0.0,17.382,1.168,0.221,1.91,0.351,1.18,22.84,0.0,0.323
9000,"BE'ER SHEVA",6,64,11280,57.831,6.408,11.633,0.0,18.555,0.562,0.049,1.516,0.561,0.092,2.616,0.064,0.112
1061,"NOF HAGALIL",,1,4252,47.566,2.914,19.33,0.0,27.735,0.0,0.0,0.0,0.0,0.0,2.276,0.0,0.179
1061,"NOF HAGALIL",,2,3840,38.522,6.955,27.567,0.0,20.293,0.0,0.239,0.0,0.451,0.0,5.724,0.25,0.0
1061,"NOF HAGALIL",,3,4989,37.959,3.333,21.41,0.0,28.507,0.142,0.503,0.086,0.091,0.0,7.853,0.0,0.117
1061,"NOF HAGALIL",,4,3690,26.817,1.733,32.123,0.0,30.744,0.388,0.804,0.22,0.0,0.0,6.946,0.0,0.225
1139,"KARMI'EL",,1,4573,24.877,3.991,18.671,0.0,36.351,0.293,2.73,0.626,0.478,0.255,11.726,0.0,0.0
1139,"KARMI'EL",,2,6883,38.414,4.274,14.644,0.0,29.031,0.79,1.947,0.363,0.582,0.107,9.252,0.0,0.596
1139,"KARMI'EL",,3,7694,56.544,4.501,10.881,0.0,19.6,0.098,1.284,0.66,0.384,0.091,5.956,0.0,0.0
1200,"MODI'IN-MAKKABBIM-RE'UT",,1,10622,72.55,3.314,9.009,0.0,3.825,3.963,0.264,0.115,0.596,0.168,5.981,0.072,0.143
1200,"MODI'IN-MAKKABBIM-RE'UT",,2,10764,72.604,5.766,8.996,0.0,2.166,3.243,0.594,0.444,0.789,0.142,5.256,0.0,0.0
1200,"MODI'IN-MAKKABBIM-RE'UT",,3,3100,82.906,3.393,5.443,0.0,3.312,3.384,0.0,0.207,0.434,0.0,0.922,0.0,0.0
1200,"MODI'IN-MAKKABBIM-RE'UT",,4,3851,84.261,3.97,2.959,0.0,2.747,2.326,0.258,0.428,0.358,0.0,2.471,0.0,0.222
2600,"ELAT",,1,4996,26.214,3.472,7.724,0.0,28.024,0.0,1.036,4.057,3.52,0.446,24.517,0.04,0.95
2600,"ELAT",,2,9963,36.366,7.554,6.419,0.0,26.551,0.0,1.345,3.042,2.335,0.843,15.481,0.0,0.064
2600,"ELAT",,3,8964,49.675,7.926,2.956,0.0,18.902,0.0,0.498,7.309,2.614,0.324,9.041,0.143,0.611
2610,"BET SHEMESH",,1,6667,37.66,5.853,23.083,0.0,18.888,2.695,1.043,0.916,0.245,0.182,9.284,0.0,0.151
2610,"BET SHEMESH",,2,7076,35.088,5.176,26.314,0.0,16.901,2.251,0.378,1.798,0.429,0.0,11.21,0.08,0.376
2610,"BET SHEMESH",,3,4612,36.957,5.908,25.979,0.0,6.35,2.002,0.423,1.637,0.395,0.15,20.046,0.0,0.153
2630,"QIRYAT GAT",,1,4079,35.775,4.771,8.931,0.0,32.412,1.117,0.987,0.422,0.141,0.642,13.093,0.586,1.124
2630,"QIRYAT GAT",,2,5759,33.238,13.223,16.593,0.0,25.398,0.577,0.361,0.567,0.279,0.0,9.636,0.0,0.129
2630,"QIRYAT GAT",,3,7841,41.237,5.49,13.335,0.0,24.798,0.778,0.343,1.23,0.309,0.272,11.943,0.048,0.218
2650,"RAMAT HASHARON",,1,6214,68.248,3.176,14.35,0.0,1.372,0.291,0.178,0.342,3.641,0.866,7.196,0.246,0.094
2650,"RAMAT HASHARON",,2,6166,77.625,1.861,8.179,0.0,1.053,0.0,0.0,0.101,3.946,0.275,6.739,0.0,0.221
2650,"RAMAT HASHARON",,3,4345,83.27,2.943,6.81,0.0,0.619,0.031,0.0,0.667,1.848,0.378,3.353,0.0,0.081
2710,"UMM AL-FAHM",,1,3538,45.67,24.205,2.387,0.0,11.222,0.0,1.919,0.141,0.0,0.0,14.036,0.0,0.421
2710,"UMM AL-FAHM",,2,1437,41.261,5.232,2.355,0.0,41.417,0.0,0.67,0.0,0.0,0.639,7.954,0.0,0.471
2710,"UMM AL-FAHM",,3,4215,37.0,13.021,5.17,0.0,28.11,0.0,1.311,0.215,0.192,0.0,14.324,0.0,0.657
6300,"GIV'ATAYIM",,1,6038,60.719,4.346,17.002,0.0,1.453,0.671,0.516,0.388,3.27,0.814,10.3,0.0,0.521
6300,"GIV'ATAYIM",,2,6065,55.853,2.212,15.904,0.0,1.63,0.506,0.162,1.662,7.701,1.878,12.491,0.0,0.0
6300,"GIV'ATAYIM",,3,7450,59.7,1.501,18.412,0.0,1.882,0.227,0.0,1.072,7.808,1.004,7.933,0.0,0.462
6300,"GIV'ATAYIM",,4,6019,70.329,3.424,12.098,0.0,2.24,0.0,0.0,0.504,3.827,0.765,6.714,0.0,0.099
6400,"HERZLIYYA",,1,5663,58.806,5.769,21.38,0.0,2.388,0.0,0.0,0.0,3.351,1.406,6.411,0.133,0.355
6400,"HERZLIYYA",,2,7809,71.829,3.598,8.169,0.0,1.545,0.381,0.0,0.526,2.998,0.376,10.279,0.0,0.301
6400,"HERZLIYYA",,3,7552,58.28,2.922,21.358,0.0,2.169,0.901,0.0,0.188,1.898,0.637,11.648,0.0,0.0
6400,"HERZLIYYA",,4,5839,67.307,3.784,12.717,0.0,1.62,1.303,0.0,0.067,2.26,0.814,9.747,0.084,0.296
6400,"HERZLIYYA",,5,9045,68.188,2.398,13.65,0.0,1.944,1.392,0.121,0.204,3.403,0.888,7.447,0.112,0.253
6400,"HERZLIYYA",,6,5457,77.715,3.395,4.473,0.0,0.904,0.751,0.294,0.0,0.48,0.261,11.602,0.126,0.0
6500,"HADERA",,1,5470,55.818,4.642,17.637,0.0,16.081,1.01,0.0,0.0,0.565,0.365,3.555,0.0,0.326
6500,"HADERA",,2,5640,61.051,8.096,13.367,0.0,8.743,2.44,0.416,0.0,0.711,0.0,4.745,0.28,0.152
6500,"HADERA",,3,4442,52.248,1.419,15.604,0.0,14.783,0.584,0.333,0.306,1.538,0.0,12.842,0.342,0.0
6500,"HADERA",,4,8160,56.86,3.264,9.648,0.0,14.154,2.003,0.099,0.104,0.443,0.345,11.985,0.454,0.641
6500,"HADERA",,5,5166,40.474,3.362,20.275,0.0,15.22,2.042,0.169,0.149,0.432,0.35,17.2,0.17,0.155
6500,"HADERA",,6,5305,44.125,6.37,25.01,0.0,12.313,4.08,0.0,0.0,0.575,0.171,7.319,0.0,0.035
6700,"TIBERIAS",,1,4978,46.686,8.914,19.449,0.0,11.793,0.0,2.208,0.0,0.316,0.099,10.307,0.229,0.0
6700,"TIBERIAS",,2,6058,41.338,4.64,23.138,0.0,21.721,0.0,2.215,0.0,0.942,0.0,5.649,0.137,0.221
6700,"TIBERIAS",,3,3488,33.054,6.713,33.875,0.0,14.601,0.0,1.628,0.263,0.652,0.0,9.215,0.0,0.0
6800,"QIRYAT ATTA",,1,6602,50.17,2.971,28.148,0.0,14.137,0.0,0.696,0.099,0.571,0.0,2.369,0.427,0.414
6800,"QIRYAT ATTA",,2,10742,53.307,3.839,19.666,0.0,13.127,0.168,1.39,0.404,0.416,0.227,7.405,0.051,0.0
6800,"QIRYAT ATTA",,3,2479,48.152,3.949,27.781,0.0,11.728,0.0,1.227,0.914,0.93,0.801,4.049,0.47,0.0
6900,"KEFAR SAVA",,1,7015,65.187,2.793,17.02,0.0,4.39,0.623,0.0,0.201,1.29,1.121,6.889,0.185,0.3
6900,"KEFAR SAVA",,2,3293,72.927,1.312,8.603,0.0,4.776,1.191,0.593,0.0,2.084,0.863,7.23,0.0,0.423
6900,"KEFAR SAVA",,3,9326,63.493,2.364,11.979,0.0,3.744,2.311,0.149,0.317,0.959,0.68,13.823,0.0,0.18
6900,"KEFAR SAVA",,4,8018,58.316,3.181,16.078,0.0,3.842,3.036,0.0,0.083,1.445,0.756,13.052,0.0,0.212
6900,"KEFAR SAVA",,5,9719,55.762,3.279,17.425,0.0,4.373,1.867,0.0,0.065,1.228,1.141,14.621,0.0,0.239
7000,"LOD",,1,5536,35.863,5.493,18.374,0.0,22.819,1.236,5.378,0.0,0.269,0.209,10.36,0.0,0.0
7000,"LOD",,2,7547,51.286,4.377,17.057,0.0,13.906,2.02,3.64,0.071,0.291,0.126,6.941,0.285,0.0
7000,"LOD",,3,2763,41.281,6.578,14.635,0.0,13.658,2.703,5.139,0.282,0.255,0.261,13.6,0.763,0.846
7000,"LOD",,4,4373,34.125,3.938,20.654,0.0,15.818,5.94,7.129,0.181,0.0,1.214,10.704,0.0,0.298
7000,"LOD",,5,6375,43.138,3.59,26.888,0.0,13.51,5.355,0.488,0.154,0.256,0.438,5.531,0.171,0.479
7300,"NAZARETH",,1,5539,47.471,18.452,6.471,0.0,12.359,0.0,0.114,0.0,0.0,0.0,15.133,0.0,0.0
7300,"NAZARETH",,2,2030,48.567,25.917,4.217,0.0,8.344,0.0,0.0,0.0,0.181,0.0,12.775,0.0,0.0
7300,"NAZARETH",,3,7176,54.267,15.054,7.715,0.0,15.047,0.0,0.223,0.063,0.0,0.0,7.56,0.0,0.069
7300,"NAZARETH",,4,5206,50.301,19.931,13.961,0.0,9.608,0.0,0.453,0.0,0.0,0.0,5.746,0.0,0.0
7600,"AKKO",,1,6197,44.36,4.25,14.73,0.0,18.082,3.279,5.563,0.896,0.888,0.5,7.059,0.14,0.254
7600,"AKKO",,2,5024,29.167,2.038,11.906,0.0,23.353,1.687,17.145,0.35,0.042,0.845,13.406,0.061,0.0
7600,"AKKO",,3,4416,42.277,2.887,8.238,0.0,14.313,1.698,7.983,1.532,0.571,0.636,19.35,0.0,0.516
7700,"AFULA",,1,5972,37.98,4.325,27.394,0.0,22.94,0.0,0.135,0.0,0.26,0.189,6.136,0.232,0.41
7700,"AFULA",,2,9943,44.428,3.636,14.059,0.0,17.025,0.0,0.0,0.095,0.491,0.434,19.485,0.265,0.081
8200,"QIRYAT MOTZKIN",,1,6746,58.956,3.045,12.824,0.0,11.775,1.726,4.17,0.117,0.429,0.386,5.608,0.146,0.818
8200,"QIRYAT MOTZKIN",,2,5172,43.495,3.861,22.61,0.0,12.19,2.841,3.631,0.396,0.321,0.849,9.529,0.0,0.277
8200,"QIRYAT MOTZKIN",,3,4878,50.464,4.269,16.751,0.0,11.265,3.334,3.991,0.398,0.717,0.286,8.195,0.168,0.16
8500,"RAMLA",,1,6693,43.243,6.744,10.292,0.0,13.045,3.075,8.76,0.0,0.67,0.295,13.696,0.029,0.153
8500,"RAMLA",,2,5528,48.812,5.398,13.737,0.0,15.257,1.157,8.357,0.288,0.953,0.488,5.552,0.0,0.0
8500,"RAMLA",,3,6285,38.186,2.754,16.943,0.0,20.675,1.174,13.814,0.0,0.369,0.506,4.666,0.806,0.108
8500,"RAMLA",,4,6119,43.954,3.907,14.179,0.0,20.273,1.416,8.513,0.0,0.431,0.0,7.204,0.0,0.123
8700,"RA'ANNANA",,1,8660,71.526,2.432,11.492,0.0,2.167,0.079,0.0,0.312,1.433,0.33,10.229,0.0,0.0
8700,"RA'ANNANA",,2,10180,69.542,2.996,11.915,0.0,2.176,0.219,0.062,0.278,0.724,1.474,10.247,0.136,0.229
8700,"RA'ANNANA",,3,10085,73.275,3.859,11.379,0.0,0.631,0.384,0.059,0.254,1.392,0.882,7.836,0.049,0.0
9100,"NAHARIYYA",,1,3168,39.984,4.351,13.563,0.0,19.682,1.93,1.229,1.787,1.58,3.135,11.336,0.263,1.159
9100,"NAHARIYYA",,2,5700,36.686,2.451,7.888,0.0,23.827,2.244,3.053,1.028,0.274,3.685,18.343,0.242,0.279
9100,"NAHARIYYA",,3,5844,48.074,3.669,6.812,0.0,14.951,3.723,2.712,0.835,0.854,1.742,15.982,0.117,0.529
9100,"NAHARIYYA",,4,6145,55.842,3.007,9.557,0.0,16.221,3.199,0.61,0.587,0.116,1.246,8.21,0.11,1.294
9600,"QIRYAT YAM",,1,6189,44.637,3.34,25.213,0.0,15.01,1.641,4.152,0.108,0.356,0.363,5.096,0.0,0.085
9600,"QIRYAT YAM",,2,2987,28.841,3.212,35.533,0.0,16.625,1.014,4.289,0.0,0.52,0.656,9.31,0.0,0.0
9600,"QIRYAT YAM",,3,6051,38.229,3.872,25.842,0.0,15.688,1.228,5.144,0.081,0.322,0.449,8.301,0.131,0.713
9700,"HOD HASHARON",,1,9074,74.96,3.784,5.123,0.0,3.319,2.55,0.226,0.12,2.132,0.613,6.729,0.343,0.1
9700,"HOD HASHARON",,2,8184,70.813,4.148,8.242,0.0,2.674,0.596,0.081,0.201,1.956,0.212,10.787,0.091,0.2
9700,"HOD HASHARON",,3,3347,80.669,2.118,5.702,0.0,1.745,0.22,0.449,0.0,2.209,0.412,6.243,0.233,0.0
31,"OFAQIM",,,7196,34.41,3.242,19.878,0.0,20.206,0.0,0.463,0.069,0.241,0.494,20.739,0.0,0.257
166,"GAN YAVNE",,,7085,72.035,6.346,9.866,0.0,5.078,0.112,0.222,0.16,0.267,0.0,5.345,0.152,0.416
168,"KEFAR YONA",,,6774,71.562,4.084,11.637,0.0,3.938,0.127,0.0,0.132,2.344,0.184,5.644,0.0,0.347
182,"EVEN YEHUDA",,,4394,79.9,4.653,2.449,0.0,1.12,1.894,2.069,0.0,1.203,0.247,6.466,0.0,0.0
195,"QADIMA-ZORAN",,,7063,77.418,2.769,5.426,0.0,2.663,0.67,0.554,0.062,0.942,0.207,9.18,0.0,0.11
229,"GANNE TIQWA",,,4788,72.273,2.109,12.102,0.0,4.256,0.0,0.0,0.357,1.767,0.0,6.841,0.0,0.294
240,"YOQNE'AM ILLIT",,,8289,62.24,3.999,11.227,0.0,15.043,0.0,0.336,0.0,0.17,0.257,6.296,0.355,0.075
246,"NETIVOT",,,7436,45.701,5.612,15.29,0.0,11.854,0.0,1.83,1.1,0.0,0.374,18.158,0.081,0.0
473,"ABU SINAN",,,3452,59.948,8.726,1.639,0.0,18.279,0.343,0.837,0.0,0.118,0.0,9.533,0.0,0.578
478,"IKSAL",,,2579,54.082,11.962,3.056,0.0,21.299,0.0,0.0,0.0,0.0,0.0,9.357,0.0,0.243
480,"BEIT JANN",,,2116,39.23,3.343,10.364,0.0,26.443,0.0,0.0,0.0,0.0,0.0,19.771,0.0,0.849
481,"MUGHAR",,,3757,44.561,13.46,7.901,0.0,22.653,0.0,0.0,0.0,0.0,0.0,11.425,0.0,0.0
494,"DALIYAT AL-KARMEL",,,8099,53.921,12.49,6.758,0.0,15.454,0.156,0.526,0.708,0.128,0.0,9.789,0.0,0.07
498,"TUR'AN",,,2388,67.23,31.404,0.32,0.0,0.0,0.0,0.0,0.377,0.0,0.0,0.191,0.478,0.0
499,"YAFI",,,4501,46.358,16.791,6.875,0.0,19.541,0.105,0.0,0.0,0.0,0.0,10.33,0.0,0.0
502,"YIRKA",,,3315,48.349,3.866,4.861,0.0,24.597,1.377,0.35,0.521,0.0,0.0,15.736,0.183,0.161
504,"KABUL",,,2333,61.147,29.999,0.726,0.0,0.0,0.968,0.0,0.0,0.0,0.0,7.16,0.0,0.0
509,"KAFAR KANNA",,,3430,45.093,16.372,2.531,0.0,25.215,0.0,0.0,0.0,0.0,0.0,10.79,0.0,0.0
510,"KAFAR MANDA",,,2780,45.72,2.683,1.307,0.0,32.455,0.254,0.0,0.0,0.0,0.0,17.58,0.0,0.0
516,"MAJD AL-KURUM",,,7107,46.028,18.74,8.704,0.0,8.891,0.158,0.116,0.477,0.0,0.0,16.754,0.0,0.132
522,"NAHEF",,,2183,40.722,12.762,2.886,0.0,26.747,0.758,0.85,0.4,0.0,0.0,14.874,0.0,0.0
529,"I'BILLIN",,,2957,53.553,24.622,4.274,0.0,6.588,0.0,0.0,0.0,0.0,0.0,10.963,0.0,0.0
531,"ARRABE",,,4733,44.737,29.818,2.271,0.0,8.212,0.208,0.0,0.359,0.0,0.0,14.248,0.0,0.146
532,"EIN MAHEL",,,2127,38.772,17.178,4.395,0.0,32.291,0.0,0.0,0.0,0.0,0.0,7.363,0.0,0.0
537,"FUREIDIS",,,2614,45.45,21.429,7.891,0.0,18.522,0.438,0.0,0.0,0.0,0.0,6.27,0.0,0.0
541,"JISR AZ-ZARQA",,,3431,27.202,4.317,3.365,0.0,57.926,0.0,0.396,0.0,0.0,0.0,6.794,0.0,0.0
542,"REINE",,,4399,54.316,3.941,4.835,0.0,30.245,0.0,0.418,0.192,0.535,0.0,5.518,0.0,0.0
565,"AZOR",,,4799,64.862,5.487,15.654,0.0,3.195,0.0,0.0,0.145,3.311,0.521,6.825,0.0,0.0
634,"KAFAR QASEM",,,4502,60.888,9.351,3.42,0.0,6.999,0.0,0.0,5.197,0.0,0.0,12.757,0.0,1.386
637,"AR'ARA",,,5843,48.77,8.149,2.148,0.0,33.316,0.0,0.707,0.0,0.0,0.0,6.582,0.0,0.327
638,"QALANSAWE",,,3117,56.651,6.359,0.97,0.0,21.951,0.0,0.503,0.504,0.0,0.151,12.605,0.0,0.306
654,"KAFAR QARA",,,4755,71.519,4.145,0.632,0.0,16.232,0.0,0.0,0.102,0.0,0.0,6.373,0.0,0.997
681,"GIV'AT SHEMU'EL",,,9247,67.17,1.566,14.179,0.0,2.005,0.0,0.0,0.129,4.15,0.282,10.199,0.0,0.321
874,"MIGDAL HAEMEQ",,,8935,44.358,3.923,14.95,0.0,23.474,0.0,0.165,0.346,0.102,0.0,12.564,0.062,0.056
1015,"MEVASSERET ZIYYON",,,10077,70.604,2.843,18.09,0.0,2.178,0.0,0.0,0.316,0.792,0.296,4.882,0.0,0.0
1020,"OR AQIVA",,,6691,38.506,4.935,20.025,0.0,19.681,0.883,0.119,0.0,0.338,1.142,13.693,0.61,0.069
1031,"SEDEROT",,,8537,42.435,7.628,11.094,0.0,23.241,0.116,0.688,0.812,0.147,0.199,12.701,0.606,0.334
1034,"QIRYAT MAL'AKHI",,,7268,40.508,4.216,10.255,0.0,18.282,0.11,0.619,0.0,0.0,0.587,25.422,0.0,0.0
1054,"TEL SHEVA",,,617,61.772,2.796,21.346,0.0,13.291,0.0,0.002,0.0,0.0,0.0,0.794,0.0,0.0
1059,"KUSEIFE",,,2050,30.078,0.0,14.012,0.0,19.403,0.0,0.0,0.0,0.0,0.0,36.507,0.0,0.0
1063,"MA'ALOT-TARSHIHA",,,8009,44.591,5.336,6.695,0.0,26.548,0.22,1.295,0.474,0.06,0.0,13.573,0.45,0.758
1161,"RAHAT",,,6852,40.019,27.627,1.13,0.0,16.397,0.195,0.706,0.3,0.0,0.198,12.959,0.0,0.469
1192,"AR'ARA-BANEGEV",,,856,51.927,4.069,2.036,0.0,24.285,0.0,0.0,0.532,0.0,0.0,16.319,0.0,0.832
1292,"JUDEIDE-MAKER",,,5155,47.53,6.155,1.356,0.0,27.487,0.67,5.794,0.0,0.0,0.0,10.237,0.0,0.773
1303,"HURA",,,1225,57.276,23.462,6.533,0.0,1.406,0.0,0.0,0.0,0.0,0.0,11.322,0.0,0.0
1304,"SHOHAM",,,7164,84.978,1.428,4.567,0.0,2.983,0.067,0.103,0.09,0.892,0.23,4.526,0.0,0.137
1309,"EL'AD",,,7363,36.094,5.843,29.529,0.0,4.31,0.257,0.245,0.388,0.48,0.376,21.199,0.292,0.987
1327,"MA'ALE IRON",,,2575,40.91,44.842,0.377,0.0,4.597,0.0,0.332,0.0,0.0,0.0,8.942,0.0,0.0
1997,"?",,,1874,61.265,9.785,20.469,0.0,5.672,0.0,0.378,0.0,0.0,0.0,1.211,0.0,1.22
2100,"TIRAT KARMEL",,,7394,45.219,4.437,22.576,0.0,7.736,0.382,7.698,0.169,0.278,0.073,10.868,0.228,0.335
2200,"DIMONA",,,11781,21.406,2.742,10.85,0.0,47.25,0.139,4.856,0.353,0.0,0.174,12.098,0.067,0.064
2300,"QIRYAT TIV'ON",,,6845,72.678,4.368,7.853,0.0,4.889,0.112,0.534,0.224,0.324,0.658,8.079,0.0,0.283
2400,"OR YEHUDA",,,13353,51.067,4.235,19.628,0.0,5.296,0.0,2.778,0.368,1.444,0.636,14.032,0.376,0.139
2500,"NESHER",,,10792,59.011,3.385,21.751,0.0,8.384,0.318,0.072,0.457,0.626,0.0,5.499,0.116,0.38
2550,"GEDERA",,,8119,72.464,4.788,5.624,0.0,5.821,0.711,0.988,0.322,0.437,0.223,8.559,0.0,0.062
2560,"ARAD",,,9467,27.082,2.58,8.0,0.0,42.801,0.088,0.077,1.189,0.111,0.545,15.82,0.203,1.503
2620,"QIRYAT ONO",,,13666,65.192,2.567,17.844,0.0,2.798,0.174,0.0,0.329,2.159,0.256,7.742,0.173,0.764
2640,"ROSH HAAYIN",,,15552,67.377,4.393,13.654,0.0,4.506,0.764,0.0,0.262,1.384,0.341,5.484,0.298,1.538
2660,"YAVNE",,,14019,58.285,5.808,16.158,0.0,7.074,2.565,0.416,0.041,0.814,0.235,8.37,0.0,0.234
2720,"TIRE",,,6161,62.756,10.599,3.455,0.0,14.007,0.0,0.84,0.0,0.0,0.065,8.198,0.0,0.08
2730,"TAYIBE",,,7720,53.212,22.65,7.038,0.0,9.882,0.0,0.688,0.237,0.0,0.0,5.713,0.317,0.264
2800,"QIRYAT SHEMONA",,,9719,47.947,6.384,5.063,0.0,23.495,0.108,0.1,0.615,0.506,0.235,14.074,0.436,1.036
3000,"JERUSALEM",,,70261,46.769,5.057,27.934,0.0,7.789,0.044,0.392,0.237,0.702,0.126,10.736,0.078,0.135
3570,"ARI'EL",,,8759,44.982,4.723,25.92,0.0,15.372,0.208,0.541,0.272,0.649,0.056,6.898,0.0,0.379
3616,"MA'ALE ADUMMIM",,,14268,49.565,5.928,30.968,0.0,5.991,0.0,0.112,0.041,1.327,0.048,6.018,0.0,0.0
3730,"GIV'AT ZE'EV",,,4260,68.047,4.969,17.182,0.0,2.787,0.0,0.293,0.082,1.032,0.0,5.376,0.132,0.099
3780,"BETAR ILLIT",,,4797,23.141,6.139,42.736,0.0,4.143,0.0,0.0,0.086,0.157,0.0,23.493,0.0,0.105
3797,"MODI'IN ILLIT",,,6011,13.995,8.087,28.79,0.0,12.365,0.201,0.35,0.917,0.303,0.17,33.83,0.0,0.992
6000,"BAQA AL-GHARBIYYE",,,7777,61.939,14.06,2.217,0.0,7.625,0.0,0.602,0.0,0.0,0.0,10.027,0.0,3.53
7200,"NES ZIYYONA",,,16407,64.53,4.605,11.227,0.0,4.785,1.23,1.988,0.296,1.143,1.05,8.923,0.134,0.091
7500,"SAKHNIN",,,5253,54.817,29.834,1.03,0.0,1.318,0.155,0.0,0.0,0.0,0.0,12.846,0.0,0.0
7800,"PARDES HANNA-KARKUR",,,12671,63.449,4.573,9.789,0.0,11.006,1.889,0.0,0.281,0.443,0.674,7.074,0.544,0.278
8000,"ZEFAT",,,6871,50.634,6.179,13.746,0.0,8.397,0.0,0.665,0.505,0.231,0.0,19.534,0.0,0.109
8800,"SHEFAR'AM",,,8867,56.077,14.689,3.439,0.0,16.776,0.254,0.168,0.0,0.187,0.055,8.202,0.0,0.153
8900,"TAMRA",,,5943,60.965,13.107,2.16,0.0,13.549,0.313,0.306,1.148,0.0,0.0,8.421,0.0,0.031
9200,"BET SHE'AN",,,5919,40.105,6.628,9.155,0.0,27.682,0.0,0.0,0.219,0.296,0.744,15.17,0.0,0.0
9300,"ZIKHRON YA'AQOV",,,7028,69.03,4.221,4.387,0.0,8.639,1.015,0.397,0.0,0.302,0.179,11.623,0.086,0.122
9400,"YEHUD",,,11908,66.978,3.131,12.144,0.0,3.065,0.577,0.358,0.106,2.414,0.93,10.096,0.0,0.201
9500,"QIRYAT BIALIK",,,15563,50.98,3.296,19.932,0.0,12.656,1.739,3.141,0.153,0.301,0.499,7.164,0.065,0.072
9800,"BINYAMINA-GIV'AT ADA",,,4642,74.778,2.164,3.952,0.0,2.586,3.862,0.126,0.413,0.864,0.622,9.776,0.218,0.639
9998,"?",,,1007,47.111,12.159,12.044,0.0,16.184,0.228,0.116,0.0,0.242,0.0,11.702,0.0,0.214
9999,"?",,,404754,61.354,5.902,5.376,0.0,6.299,0.372,0.294,0.122,0.962,2.886,15.411,0.179,0.843
